start_index,direction,t,ratio
1,1,0.0,0.0
1,1,0.1,0.18030810209713505
1,1,0.2,0.3235938711904333
1,1,0.3,0.4391329679075084
1,1,0.4,0.5349015412934649
1,1,0.5,0.6174153001363223
1,1,0.6,0.6917555272926121
1,1,0.7,0.761702508224298
1,1,0.8,0.8299261834419662
1,1,0.9,0.89819926182323
1,1,1.0,0.9676067889399039
1,1,1.1,1.0387338041348975
1,1,1.2,1.1118208084227652
1,1,1.3,1.1868842189933355
1,1,1.4,1.263804392152174
1,1,1.5,1.3423866749599758
1,1,1.6,1.4224017309302959
1,1,1.7,1.5036108794906018
1,1,1.8,1.5857811176738137
1,1,1.9,1.6686933296953819
1,1,2.0,1.752146171682216
1,1,2.1,1.8359573220991925
1,1,2.2,1.9199632075749489
1,1,2.3,2.004017910329073
1,1,2.4,2.0879916928985023
1,1,2.5,2.1717693995245173
1,1,2.6,2.255248881384061
1,1,2.7,2.3383395231388997
1,1,2.8,2.4209609061024167
1,1,2.9,2.503041618611619
1,1,3.0,2.5845182104182824
1,1,3.1,2.6653342807966176
1,1,3.2,2.7454396869528983
1,1,3.3,2.824789858506935
1,1,3.4,2.9033452042729344
1,1,3.5,2.981070598659577
1,1,3.6,3.057934936367038
1,1,3.7,3.133910745474955
1,1,3.8,3.2089738503632192
1,1,3.9,3.283103077144357
1,1,4.0,3.356279995377072
1,1,4.1,3.4284886907827903
1,1,4.2,3.499715564504297
1,1,4.3,3.5699491551410882
1,1,4.4,3.6391799803843634
1,1,4.5,3.7074003955686923
1,1,4.6,3.774604466874858
1,1,4.7,3.840787857269954
1,1,4.8,3.9059477235588713
1,1,4.9,3.9700826231703217
1,1,5.0,4.033192429508547
1,1,5.1,4.095278254867319
1,1,5.2,4.1563423800576045
1,1,5.3,4.21638819001508
1,1,5.4,4.275420114761838
1,1,5.5,4.333443575180665
1,1,5.6,4.390464933136427
1,1,5.7,4.446491445540433
1,1,5.8,4.501531222007851
1,1,5.9,4.5555931858026915
1,1,6.0,4.608687037805319
1,1,6.1,4.66082322326922
1,1,6.2,4.712012901164933
1,1,6.3,4.762267915929018
1,1,6.4,4.811600771463802
1,1,6.5,4.860024607247642
1,1,6.6,4.907553176431655
1,1,6.7,4.954200825817214
1,1,6.8,4.999982477616266
1,1,6.9,5.044913612908422
1,1,7.0,5.089010256722199
1,1,7.1,5.132288964671399
1,1,7.2,5.174766811088593
1,1,7.3,5.216461378602643
1,1,7.4,5.257390749115227
1,1,7.5,5.297573496136789
1,1,7.6,5.337028678444329
1,1,7.7,5.375775835033532
1,1,7.8,5.413834981338166
1,1,7.9,5.451226606694788
1,1,8.0,5.487971673036413
1,1,8.1,5.524091614798175
1,1,8.2,5.559608340027459
1,1,8.3,5.594544232688835
1,1,8.4,5.628922156161503
1,1,8.5,5.662765457927629
1,1,8.6,5.696097975453879
1,1,8.7,5.7289440432718735
1,1,8.8,5.761328501266663
1,1,8.9,5.79327670418391
1,1,9.0,5.824814532374275
1,1,9.1,5.855968403787145
1,1,9.2,5.8867652872441605
1,1,9.3,5.917232717009706
1,1,9.4,5.947398808695068
1,1,9.5,5.977292276523018
1,1,9.6,6.006942451994152
1,1,9.7,6.0363793039981495
1,1,9.8,6.065633460409825
1,1,9.9,6.094736231227996
1,1,10.0,6.123719633311739
1,2,0.0,0.0
1,2,0.1,0.12743045339717535
1,2,0.2,0.23836650057495445
1,2,0.3,0.3396302754796779
1,2,0.4,0.4362483205216793
1,2,0.5,0.5315469326454769
1,2,0.6,0.627474639192572
1,2,0.7,0.7249913838243357
1,2,0.8,0.8244181377319156
1,2,0.9,0.9257026184995586
1,2,1.0,1.0285993765255872
1,2,1.1,1.1327814905659612
1,2,1.2,1.2379045265524335
1,2,1.3,1.3436399956160587
1,2,1.4,1.449690583507989
1,2,1.5,1.5557951248189044
1,2,1.6,1.6617281939397885
1,2,1.7,1.767297150297754
1,2,1.8,1.8723382169464478
1,2,1.9,1.9767124247063232
1,2,2.0,2.080301825782756
1,2,2.1,2.1830061436609802
1,2,2.2,2.284739900431494
1,2,2.3,2.385430000440201
1,2,2.4,2.4850137219683615
1,2,2.5,2.5834370601571277
1,2,2.6,2.68065336531734
1,2,2.7,2.7766222260047497
1,2,2.8,2.8713085529909956
1,2,2.9,2.964681827158522
1,2,3.0,3.0567154806763708
1,2,3.1,3.147386386364818
1,2,3.2,3.236674434844829
1,2,3.3,3.32456218295462
1,2,3.4,3.41103456010512
1,2,3.5,3.4960786218321345
1,2,3.6,3.5796833418819074
1,2,3.7,3.661839435855712
1,2,3.8,3.742539210772912
1,2,3.9,3.821776435999974
1,2,4.0,3.899546231853799
1,2,4.1,3.975844972886182
1,2,4.2,4.050670203406421
1,2,4.3,4.124020563256741
1,2,4.4,4.195895722206735
1,2,4.5,4.266296321633905
1,2,4.6,4.335223922387089
1,2,4.7,4.4026809579245
1,2,4.8,4.468670691972874
1,2,4.9,4.5331971800814745
1,2,5.0,4.596265234549259
1,2,5.1,4.657880392288012
1,2,5.2,4.7180488852535385
1,2,5.3,4.776777613138815
1,2,5.4,4.834074118065326
1,2,5.5,4.8899465610538035
1,2,5.6,4.944403700083889
1,2,5.7,4.997454869583053
1,2,5.8,5.049109961208721
1,2,5.9,5.099379405802516
1,2,6.0,5.148274156418341
1,2,6.1,5.195805672332524
1,2,6.2,5.241985903962499
1,2,6.3,5.2868272786284205
1,2,6.4,5.330342687094829
1,2,6.5,5.37254547084775
1,2,6.6,5.413449410059225
1,2,6.7,5.453068712201403
1,2,6.8,5.491418001272839
1,2,6.9,5.5285123076122975
1,2,7.0,5.564367058267555
1,2,7.1,5.598998067898241
1,2,7.2,5.632421530188033
1,2,7.3,5.664654009752057
1,2,7.4,5.69571243451886
1,2,7.5,5.725614088571106
1,2,7.6,5.754376605437002
1,2,7.7,5.782017961812807
1,2,7.8,5.808556471710803
1,2,7.9,5.834010781022677
1,2,8.0,5.858399862487872
1,2,8.1,5.88174301106109
1,2,8.2,5.904059839671862
1,2,8.3,5.925370275371536
1,2,8.4,5.945694555860297
1,2,8.5,5.965053226394309
1,2,8.6,5.983467137065996
1,2,8.7,6.000957440455898
1,2,8.8,6.01754558965735
1,2,8.9,6.033253336669195
1,2,9.0,6.048102731157202
1,2,9.1,6.062116119586297
1,2,9.2,6.075316144724588
1,2,9.3,6.087725745518644
1,2,9.4,6.099368157347165
1,2,9.5,6.1102669126542555
1,2,9.6,6.120445841966398
1,2,9.7,6.129929075302286
1,2,9.8,6.138741043980636
1,2,9.9,6.146906482831984
1,2,10.0,6.154450432828893
1,3,0.0,0.0
1,3,0.1,0.35103820102519434
1,3,0.2,0.6523820448463075
1,3,0.3,0.9134554977187551
1,3,0.4,1.1425577098798656
1,3,0.5,1.346602356566202
1,3,0.6,1.5311293714335084
1,3,0.7,1.7004537544773737
1,3,0.8,1.8578659225624352
1,3,0.9,2.0058351456542294
1,3,1.0,2.1461922276201846
1,3,1.1,2.280282475484194
1,3,1.2,2.4090881581000194
1,3,1.3,2.533323556656278
1,3,1.4,2.65350713189972
1,3,1.5,2.7700154417939076
1,3,1.6,2.883122946092715
1,3,1.7,2.9930311285835156
1,3,1.8,3.0998896564670386
1,3,1.9,3.2038116690217326
1,3,2.0,3.3048847723985335
1,3,2.1,3.4031789120679945
1,3,2.2,3.498751984581348
1,3,2.3,3.591653817905223
1,3,2.4,3.681928977612926
1,3,2.5,3.7696187300994017
1,3,2.6,3.854762402083758
1,3,2.7,3.937398308976126
1,3,2.8,4.017564376427402
1,3,2.9,4.095298544522129
1,3,3.0,4.170639018901519
1,3,3.1,4.2436244149693545
1,3,3.2,4.314293828232364
1,3,3.3,4.382686854395978
1,3,3.4,4.448843576036402
1,3,3.5,4.512804527767793
1,3,3.6,4.574610648291039
1,3,3.7,4.6343032251900365
1,3,3.8,4.691923836506622
1,3,3.9,4.747514291837086
1,3,4.0,4.801116574758773
1,3,4.1,4.852772787745226
1,3,4.2,4.902525100260703
1,3,4.3,4.95041570041133
1,3,4.4,4.996486750299107
1,3,4.5,5.040780345090077
1,3,4.6,5.083338475697373
1,3,4.7,5.1242029949282815
1,3,4.8,5.163415586906393
1,3,4.9,5.201017739563387
1,3,5.0,5.237050719983766
1,3,5.1,5.271555552399088
1,3,5.2,5.304572998623525
1,3,5.3,5.336143540743745
1,3,5.4,5.366307365881412
1,3,5.5,5.395104352864289
1,3,5.6,5.422574060652088
1,3,5.7,5.448755718376271
1,3,5.8,5.473688216869668
1,3,5.9,5.497410101569894
1,3,6.0,5.519959566688192
1,3,6.1,5.5413744505545175
1,3,6.2,5.561692232046969
1,3,6.3,5.580950028037204
1,3,6.4,5.59918459177225
1,3,6.5,5.616432312137458
1,3,6.6,5.6327292137426195
1,3,6.7,5.648110957779294
1,3,6.8,5.662612843602771
1,3,6.9,5.676269811004422
1,3,7.0,5.689116443131071
1,3,7.1,5.7011869700229045
1,3,7.2,5.712515272738995
1,3,7.3,5.72313488804808
1,3,7.4,5.733079013659399
1,3,7.5,5.7423805139757516
1,3,7.6,5.7510719263525365
1,3,7.7,5.759185467846894
1,3,7.8,5.7667530424458215
1,3,7.9,5.773806248764926
1,3,8.0,5.780376388210233
1,3,8.1,5.786494473595756
1,3,8.2,5.7921912382163985
1,3,8.3,5.797497145373196
1,3,8.4,5.8024423983553755
1,3,8.5,5.80705695087615
1,3,8.6,5.811370517972068
1,3,8.7,5.815412587372054
1,3,8.8,5.819212431343374
1,3,8.9,5.822799119030112
1,3,9.0,5.826201529288919
1,3,9.1,5.829448364048455
1,3,9.2,5.832568162204041
1,3,9.3,5.8355893140663735
1,3,9.4,5.838540076393746
1,3,9.5,5.841448588027185
1,3,9.6,5.844342886162307
1,3,9.7,5.847250923282818
1,3,9.8,5.850200584798908
1,3,9.9,5.853219707419808
1,3,10.0,5.856336098307858
1,4,0.0,0.0
1,4,0.1,0.1887883251322652
1,4,0.2,0.37013703378259993
1,4,0.3,0.5447604017130858
1,4,0.4,0.7133593329173029
1,4,0.5,0.8765538868374452
1,4,0.6,1.0348622295885102
1,4,0.7,1.1887033999012397
1,4,0.8,1.3384102483149312
1,4,0.9,1.4842451705141133
1,4,1.0,1.6264151003138092
1,4,1.1,1.7650843681347277
1,4,1.2,1.9003851155030198
1,4,1.3,2.0324254434891533
1,4,1.4,2.161295648080743
1,4,1.5,2.287072920848459
1,4,1.6,2.4098248555022392
1,4,1.7,2.5296120431647844
1,4,1.8,2.646489980993382
1,4,1.9,2.7605104678823547
1,4,2.0,2.871722619408856
1,4,2.1,2.9801736014826914
1,4,2.2,3.0859091570380563
1,4,2.3,3.18897398104101
1,4,2.4,3.2894119847937024
1,4,2.5,3.3872664798131895
1,4,2.6,3.4825803036080836
1,4,2.7,3.575395903772207
1,4,2.8,3.665755392428243
1,4,2.9,3.7537005798202268
1,4,3.0,3.839272993452203
1,4,3.1,3.9225138874146253
1,4,3.2,4.003464245228128
1,4,3.3,4.082164778586769
1,4,3.4,4.1586559236864895
1,4,3.5,4.232977836305291
1,4,3.6,4.305170386443151
1,4,3.7,4.375273153059059
1,4,3.8,4.443325419248235
1,4,3.9,4.509366168072034
1,4,4.0,4.573434079158612
1,4,4.1,4.635567526125972
1,4,4.2,4.695804574834212
1,4,4.3,4.75418298244857
1,4,4.4,4.810740197274266
1,4,4.5,4.865513359315849
1,4,4.6,4.918539301509561
1,4,4.7,4.969854551572289
1,4,4.8,5.019495334418793
1,4,4.9,5.0674975750938955
1,4,5.0,5.113896902174936
1,4,5.1,5.1587286516023765
1,4,5.2,5.202027870897348
1,4,5.3,5.243829323737905
1,4,5.4,5.2841674948558195
1,4,5.5,5.323076595230879
1,4,5.6,5.360590567561285
1,4,5.7,5.396743091983623
1,4,5.8,5.431567592028261
1,4,5.9,5.46509724079643
1,4,6.0,5.497364967339612
1,4,6.1,5.5284034632340955
1,4,6.2,5.558245189342098
1,4,6.3,5.586922382748114
1,4,6.4,5.614467063865931
1,4,6.5,5.640911043708221
1,4,6.6,5.666285931319688
1,4,6.7,5.690623141365643
1,4,6.8,5.713953901872194
1,4,6.9,5.736309262126432
1,4,7.0,5.757720100721203
1,4,7.1,5.778217133759118
1,4,7.2,5.797830923204305
1,4,7.3,5.816591885391758
1,4,7.4,5.834530299692991
1,4,7.5,5.851676317339825
1,4,7.6,5.868059970411324
1,4,7.7,5.8837111809882
1,4,7.8,5.898659770476922
1,4,7.9,5.912935469110578
1,4,8.0,5.926567925635041
1,4,8.1,5.939586717178067
1,4,8.2,5.952021359323961
1,4,8.3,5.963901316385879
1,4,8.4,5.975256011896321
1,4,8.5,5.986114839321938
1,4,8.6,5.996507173014222
1,4,8.7,6.006462379407468
1,4,8.8,6.016009828479898
1,4,8.9,6.025178905492885
1,4,9.0,6.033999023018685
1,4,9.1,6.042499633284746
1,4,9.2,6.05071024084423
1,4,9.3,6.058660415599797
1,4,9.4,6.066379806203948
1,4,9.5,6.073898153857058
1,4,9.6,6.081245306536645
1,4,9.7,6.08845123368245
1,4,9.8,6.095546041377991
1,4,9.9,6.102559988055242
1,4,10.0,6.109523500770966
1,5,0.0,0.0
1,5,0.1,0.19014270111880083
1,5,0.2,0.356225689360805
1,5,0.3,0.5023734202105173
1,5,0.4,0.6323480848048052
1,5,0.5,0.7493676439604168
1,5,0.6,0.8560676337247366
1,5,0.7,0.9545410319430739
1,5,0.8,1.0464128983410304
1,5,0.9,1.132924070162662
1,5,1.0,1.2150103076965544
1,5,1.1,1.2933708777232922
1,5,1.2,1.368524916099666
1,5,1.3,1.4408561514001195
1,5,1.4,1.510647540534471
1,5,1.5,1.5781076309761022
1,5,1.6,1.6433903755835948
1,5,1.7,1.7066098898802258
1,5,1.8,1.7678513680953203
1,5,1.9,1.8271791164139413
1,5,2.0,1.8846424410261178
1,5,2.1,1.940279949463648
1,5,2.2,1.9941226833263934
1,5,2.3,2.046196392977871
1,5,2.4,2.096523183653176
1,5,2.5,2.1451227018687242
1,5,2.6,2.1920129861587303
1,5,2.7,2.23721107305717
1,5,2.8,2.280733424927844
1,5,2.9,2.322596228385857
1,5,3.0,2.3628155989793997
1,5,3.1,2.401407718201476
1,5,3.2,2.4383889218946324
1,5,3.3,2.4737757539542886
1,5,3.4,2.5075849954765843
1,5,3.5,2.5398336767235747
1,5,3.6,2.5705390772615324
1,5,3.7,2.5997187181392056
1,5,3.8,2.6273903488853034
1,5,3.9,2.6535719313161152
1,5,4.0,2.67828162155437
1,5,4.1,2.7015377512385745
1,5,4.2,2.723358808605008
1,5,4.3,2.743763419883543
1,5,4.4,2.76277033130658
1,5,4.5,2.780398391900521
1,5,4.6,2.7966665371654797
1,5,4.7,2.8115937736725805
1,5,4.8,2.825199164587653
1,5,4.9,2.8375018160938548
1,5,5.0,2.8485208646723166
1,5,5.1,2.858275465193817
1,5,5.2,2.866784779762928
1,5,5.3,2.874067967259251
1,5,5.4,2.8801441735204483
1,5,5.5,2.8850325221112265
1,5,5.6,2.8887521056288445
1,5,5.7,2.891321977496107
1,5,5.8,2.8927611442002714
1,5,5.9,2.893088557933389
1,5,6.0,2.89232310960673
1,5,6.1,2.8904836221988432
1,5,6.2,2.887588844415816
1,5,6.3,2.8836574446351553
1,5,6.4,2.8787080051167515
1,5,6.5,2.872759016460845
1,5,6.6,2.8658288723007166
1,5,6.7,2.8579358642183377
1,5,6.8,2.8490981768817085
1,5,6.9,2.8393338833881776
1,5,7.0,2.828660940826038
1,5,7.1,2.8170971860472567
1,5,7.2,2.8046603316671583
1,5,7.3,2.791367962289786
1,5,7.4,2.777237530982128
1,5,7.5,2.7622863560091737
1,5,7.6,2.746531617855909
1,5,7.7,2.729990356558969
1,5,7.8,2.712679469387775
1,5,7.9,2.694615708904415
1,5,8.0,2.675815681454693
1,5,8.1,2.6562958461390185
1,5,8.2,2.6360725143253285
1,5,8.3,2.6151618497738465
1,5,8.4,2.593579869455133
1,5,8.5,2.5713424451523568
1,5,8.6,2.548465305956483
1,5,8.7,2.5249640417762236
1,5,8.8,2.500854108000335
1,5,8.9,2.476150831473542
1,5,9.0,2.4508694179741677
1,5,9.1,2.4250249613941732
1,5,9.2,2.3986324548714277
1,5,9.3,2.37170680414326
1,5,9.4,2.344262843445572
1,5,9.5,2.3163153543116604
1,5,9.6,2.287879087697168
1,5,9.7,2.2589687899039683
1,5,9.8,2.229599232857306
1,5,9.9,2.1997852493756915
1,5,10.0,2.169541774158388
1,6,0.0,0.0
1,6,0.1,0.22576476553397906
1,6,0.2,0.3974434048459345
1,6,0.3,0.526187644634264
1,6,0.4,0.6214472201823524
1,6,0.5,0.6909386089060268
1,6,0.6,0.7408047177358384
1,6,0.7,0.7758508417213758
1,6,0.8,0.7997921251034794
1,6,0.9,0.8154804597876828
1,6,1.0,0.8250981369430004
1,6,1.1,0.8303160187972132
1,6,1.2,0.8324190036808532
1,6,1.3,0.8324034899702815
1,6,1.4,0.8310518768916514
1,6,1.5,0.8289887274124087
1,6,1.6,0.8267225278797091
1,6,1.7,0.8246762492805986
1,6,1.8,0.8232092563523863
1,6,1.9,0.8226325648136493
1,6,2.0,0.8232190197760785
1,6,2.1,0.8252096484258653
1,6,2.2,0.8288172072772502
1,6,2.3,0.8342277750870383
1,6,2.4,0.8416011128420345
1,6,2.5,0.8510704004090118
1,6,2.6,0.8627418491340719
1,6,2.7,0.876694571999779
1,6,2.8,0.8929809674416721
1,6,2.9,0.9116277465425715
1,6,3.0,0.9326376172228257
1,6,3.1,0.9559915447917342
1,6,3.2,0.9816514439330041
1,6,3.3,1.0095631255861712
1,6,3.4,1.039659320216279
1,6,3.5,1.071862619635896
1,6,3.6,1.106088213918877
1,6,3.7,1.1422463394884446
1,6,3.8,1.1802443924764467
1,6,3.9,1.2199886936593296
1,6,4.0,1.2613859156808558
1,6,4.1,1.3043441997297147
1,6,4.2,1.348773998247543
1,6,4.3,1.3945886840981236
1,6,4.4,1.441704966491352
1,6,4.5,1.4900431512408108
1,6,4.6,1.5395272787930694
1,6,4.7,1.5900851687311115
1,6,4.8,1.6416483946681852
1,6,4.9,1.6941522090067533
1,6,5.0,1.7475354330538277
1,6,5.1,1.8017403246040629
1,6,5.2,1.856712432251246
1,6,5.3,1.9124004433923518
1,6,5.4,1.9687560310359424
1,6,5.5,2.0257337030743936
1,6,5.6,2.0832906565545164
1,6,5.7,2.1413866386237554
1,6,5.8,2.199983815182544
1,6,5.9,2.259046647793387
1,6,6.0,2.318541779054902
1,6,6.1,2.37843792639853
1,6,6.2,2.4387057841009576
1,6,6.3,2.4993179331824824
1,6,6.4,2.5602487588160883
1,6,6.5,2.6214743748013065
1,6,6.6,2.6829725546728973
1,6,6.7,2.7447226689970208
1,6,6.8,2.806705628431548
1,6,6.9,2.868903832130046
1,6,7.0,2.931301121116916
1,6,7.1,2.99388273626632
1,6,7.2,3.0566352805596573
1,6,7.3,3.119546685314766
1,6,7.4,3.1826061801160157
1,6,7.5,3.2458042661922324
1,6,7.6,3.3091326930215783
1,6,7.7,3.372584437964154
1,6,7.8,3.4361536887419697
1,6,7.9,3.499835828610467
1,6,8.0,3.5636274240835473
1,6,8.1,3.627526215092379
1,6,8.2,3.6915311074713926
1,6,8.3,3.7556421676867355
1,6,8.4,3.8198606197317417
1,6,8.5,3.8841888441230026
1,6,8.6,3.9486303789588457
1,6,8.7,4.013189922991131
1,6,8.8,4.07787334069389
1,6,8.9,4.142687669304118
1,6,9.0,4.207641127837044
1,6,9.1,4.272743128071124
1,6,9.2,4.338004287522482
1,6,9.3,4.403436444424815
1,6,9.4,4.469052674750024
1,6,9.5,4.5348673113025075
1,6,9.6,4.600895964943272
1,6,9.7,4.667155547994864
1,6,9.8,4.733664299894139
1,6,9.9,4.8004418151718165
1,6,10.0,4.867509073840628
21,1,0.0,0.0
21,1,0.1,0.07788490535516707
21,1,0.2,0.16205716438598597
21,1,0.3,0.2535171588798925
21,1,0.4,0.3533813413192411
21,1,0.5,0.4629016361078711
21,1,0.6,0.5834869122983588
21,1,0.7,0.7167261032377773
21,1,0.8,0.8644120476903173
21,1,0.9,1.0285643124862311
21,1,1.0,1.2114479644437288
21,1,1.1,1.4155832540961693
21,1,1.2,1.643738132017505
21,1,1.3,1.8988910224816784
21,1,1.4,2.184144849020145
21,1,1.5,2.5025645249632715
21,1,1.6,2.856898955929813
21,1,1.7,3.24913609578393
21,1,1.8,3.679829195378513
21,1,1.9,4.147132092158624
21,1,2.0,4.64550662714149
21,1,2.1,5.164140896933654
21,1,2.2,5.685274044288448
21,1,2.3,6.182881201952247
21,1,2.4,6.622496612009244
21,1,2.5,6.963191679137721
21,1,2.6,7.162574453718883
21,1,2.7,7.184800109041151
21,1,2.8,7.00996994408829
21,1,2.9,6.641690696830036
21,1,3.0,6.109322717152035
21,1,3.1,5.463423668383914
21,1,3.2,4.766212042239051
21,1,3.3,4.0812241812844166
21,1,3.4,3.4659395955344157
21,1,3.5,2.9680997795548687
21,1,3.6,2.6224076391078714
21,1,3.7,2.443281011016648
21,1,3.8,2.417466512164332
21,1,3.9,2.5091531293856932
21,1,4.0,2.6772383373886046
21,1,4.1,2.8888107401113703
21,1,4.2,3.1222088177265586
21,1,4.3,3.3645678959285483
21,1,4.4,3.6086350380926087
21,1,4.5,3.8504368598096903
21,1,4.6,4.087845207133457
21,1,4.7,4.319753538954772
21,1,4.8,4.545616781478168
21,1,4.9,4.765196812879086
21,1,5.0,4.978422120761279
21,1,5.1,5.185310524741144
21,1,5.2,5.385926746564585
21,1,5.3,5.58035927230787
21,1,5.4,5.768707906503215
21,1,5.5,5.951077242956048
21,1,5.6,6.12757339048891
21,1,5.7,6.298302466720652
21,1,5.8,6.46337002996881
21,1,5.9,6.622880988499347
21,1,6.0,6.776939734354266
21,1,6.1,6.9256503661669875
21,1,6.2,7.069116931113653
21,1,6.3,7.207443652645606
21,1,6.4,7.340735130516571
21,1,6.5,7.469096510070316
21,1,6.6,7.592633622911434
21,1,6.7,7.71145310332857
21,1,6.8,7.825662485504118
21,1,6.9,7.935370286440079
21,1,7.0,8.040686079044418
21,1,7.1,8.141720559213262
21,1,7.2,8.23858561014118
21,1,7.3,8.331394366539563
21,1,7.4,8.420261280955884
21,1,7.5,8.505302194017313
21,1,7.6,8.586634410093412
21,1,7.7,8.664376779646176
21,1,7.8,8.738649789350513
21,1,7.9,8.809575660949035
21,1,8.0,8.877278459707524
21,1,8.1,8.94188421330424
21,1,8.2,9.00352104195182
21,1,8.3,9.062319300565042
21,1,8.4,9.11841173379954
21,1,8.5,9.17193364483849
21,1,8.6,9.223023078852403
21,1,8.7,9.271821022132823
21,1,8.8,9.318471617976185
21,1,8.9,9.363122400500359
21,1,9.0,9.405924547675381
21,1,9.1,9.447033154981241
21,1,9.2,9.486607531233686
21,1,9.3,9.52481151828758
21,1,9.4,9.561813836480626
21,1,9.5,9.59778845789626
21,1,9.6,9.63291500971865
21,1,9.7,9.667379210215968
21,1,9.8,9.701373340147246
21,1,9.9,9.735096752715807
21,1,10.0,9.768756425534757
21,2,0.0,0.0
21,2,0.1,0.014725783549981707
21,2,0.2,0.028137307465981615
21,2,0.3,0.040249309722992746
21,2,0.4,0.051077649499465805
21,2,0.5,0.0606411366459115
21,2,0.6,0.06896399170716197
21,2,0.7,0.07607916778790214
21,2,0.8,0.08203283011227619
21,2,0.9,0.08689034863055912
21,2,1.0,0.09074417692607323
21,2,1.1,0.09372388315440493
21,2,1.2,0.09600819746358379
21,2,1.3,0.09783795898272
21,2,1.4,0.0995269273269705
21,2,1.5,0.10146446963568623
21,2,1.6,0.10410116335603999
21,2,1.7,0.10790856375069478
21,2,1.8,0.11331224746461084
21,2,1.9,0.12061281899890403
21,2,2.0,0.1299223161196483
21,2,2.1,0.14113939515140111
21,2,2.2,0.15396726393249907
21,2,2.3,0.1679614056818722
21,2,2.4,0.182591082411444
21,2,2.5,0.19730345655815984
21,2,2.6,0.21158164654026146
21,2,2.7,0.22498615550202772
21,2,2.8,0.23716874979990016
21,2,2.9,0.24785532420358888
21,2,3.0,0.2568090143853347
21,2,3.1,0.26379737442650886
21,2,3.2,0.26858631094629304
21,2,3.3,0.27096661077070083
21,2,3.4,0.2707981397035687
21,2,3.5,0.26804766135841546
21,2,3.6,0.2628032807522648
21,2,3.7,0.25526312208384905
21,2,3.8,0.24570689432221143
21,2,3.9,0.23446206916653475
21,2,4.0,0.2218736771668046
21,2,4.1,0.20828225699627761
21,2,4.2,0.19401090728769188
21,2,4.3,0.17936045920638682
21,2,4.4,0.16461122282198595
21,2,4.5,0.15002999196831465
21,2,4.6,0.1358815172172981
21,2,4.7,0.12244402967689805
21,2,4.8,0.11002798063101125
21,2,4.9,0.09899469036852135
21,2,5.0,0.08976501861556983
21,2,5.1,0.08279691368424422
21,2,5.2,0.07850476170415203
21,2,5.3,0.07712197519629427
21,2,5.4,0.07858160542920688
21,2,5.5,0.08252055011640201
21,2,5.6,0.08841223322336494
21,2,5.7,0.09572099525816381
21,2,5.8,0.10399326950585835
21,2,5.9,0.11288166337678096
21,2,6.0,0.12213360049477802
21,2,6.1,0.13156986739129156
21,2,6.2,0.14106452973719713
21,2,6.3,0.15052935654021746
21,2,6.4,0.15990261348189094
21,2,6.5,0.16914124006767484
21,2,6.6,0.1782154387822862
21,2,6.7,0.18710492803124645
21,2,6.8,0.1957963314088754
21,2,6.9,0.2042813443350003
21,2,7.0,0.2125554366506046
21,2,7.1,0.22061692882306153
21,2,7.2,0.22846633186505547
21,2,7.3,0.2361058758779098
21,2,7.4,0.2435391752738182
21,2,7.5,0.2507709943027083
21,2,7.6,0.25780708706000194
21,2,7.7,0.2646540933943453
21,2,7.8,0.27131947713797727
21,2,7.9,0.2778114966042975
21,2,8.0,0.2841391997660616
21,2,8.1,0.29031243829218556
21,2,8.2,0.29634189587398263
21,2,8.3,0.30223912717047346
21,2,8.4,0.308016604335659
21,2,8.5,0.3136877685341542
21,2,8.6,0.31926708416332295
21,2,8.7,0.32477009369887433
21,2,8.8,0.33021347120973454
21,2,8.9,0.3356150726722999
21,2,9.0,0.34099398125161506
21,2,9.1,0.34637054575378606
21,2,9.2,0.3517664104924487
21,2,9.3,0.3572045348551318
21,2,9.4,0.36270920094822423
21,2,9.5,0.3683060078369511
21,2,9.6,0.37402185109031655
21,2,9.7,0.3798848866267382
21,2,9.8,0.3859244781975467
21,2,9.9,0.3921711283182154
21,2,10.0,0.39865639296852085
21,3,0.0,0.0
21,3,0.1,0.03805048223534518
21,3,0.2,0.07500574333613491
21,3,0.3,0.11087151483460679
21,3,0.4,0.14564642181797705
21,3,0.5,0.17932140086345552
21,3,0.6,0.21187899726845064
21,3,0.7,0.24329255700124044
21,3,0.8,0.27352535288720137
21,3,0.9,0.3025297266035684
21,3,1.0,0.3302463994502018
21,3,1.1,0.35660422347818466
21,3,1.2,0.38152083805961046
21,3,1.3,0.40490500671273
21,3,1.4,0.4266618933362757
21,3,1.5,0.4467032698461866
21,3,1.6,0.46496569990576125
21,3,1.7,0.48144112238003567
21,3,1.8,0.4962257391515751
21,3,1.9,0.5095938685850143
21,3,2.0,0.5221013412052612
21,3,2.1,0.5347138131045036
21,3,2.2,0.5489328099653578
21,3,2.3,0.5668532654337041
21,3,2.4,0.591046278337478
21,3,2.5,0.6241728712240177
21,3,2.6,0.6683655494733968
21,3,2.7,0.7246320223080571
21,3,2.8,0.7926334252476344
21,3,2.9,0.8709940646744876
21,3,3.0,0.9579520093926017
21,3,3.1,1.051973239497152
21,3,3.2,1.1520470892902754
21,3,3.3,1.2576254908166442
21,3,3.4,1.3683648514293998
21,3,3.5,1.4838709840476239
21,3,3.6,1.603564030010263
21,3,3.7,1.7266720329768648
21,3,3.8,1.852301231129448
21,3,3.9,1.9795258950407744
21,3,4.0,2.1074625502165114
21,3,4.1,2.2353166863625007
21,3,4.2,2.362404081526625
21,3,4.3,2.4881540505708477
21,3,4.4,2.612102027454629
21,3,4.5,2.733877076430286
21,3,4.6,2.8531879091012216
21,3,4.7,2.9698094010466503
21,3,4.8,3.0835705491188863
21,3,4.9,3.194344185952269
21,3,5.0,3.30203843482539
21,3,5.1,3.4065897330236083
21,3,5.2,3.5079571974942607
21,3,5.3,3.6061181042646053
21,3,5.4,3.7010642745943088
21,3,5.5,3.792799190746794
21,3,5.6,3.8813356948702435
21,3,5.7,3.9666941522268826
21,3,5.8,4.048900983713327
21,3,5.9,4.127987492144576
21,3,6.0,4.203988922528583
21,3,6.1,4.27694370910626
21,3,6.2,4.34689287184333
21,3,6.3,4.413879532865588
21,3,6.4,4.477948529450783
21,3,6.5,4.539146105016895
21,3,6.6,4.597519663322793
21,3,6.7,4.653117574096088
21,3,6.8,4.705989020658642
21,3,6.9,4.756183881995887
21,3,7.0,4.8037526432091955
21,3,7.1,4.8487463294806235
21,3,7.2,4.891216459633413
21,3,7.3,4.931215016141441
21,3,7.4,4.968794429064599
21,3,7.5,5.004007571884342
21,3,7.6,5.036907767630901
21,3,7.7,5.067548804028118
21,3,7.8,5.095984956655293
21,3,7.9,5.122271019357461
21,3,8.0,5.1464623413281085
21,3,8.1,5.1686148704463815
21,3,8.2,5.188785202589214
21,3,8.3,5.207030636753657
21,3,8.4,5.223409235929487
21,3,8.5,5.23797989375292
21,3,8.6,5.250802407050618
21,3,8.7,5.261937554457733
21,3,8.8,5.271447181366886
21,3,8.9,5.279394291523308
21,3,9.0,5.285843145656286
21,3,9.1,5.290859367588792
21,3,9.2,5.294510058340406
21,3,9.3,5.296863918795782
21,3,9.4,5.297991381589843
21,3,9.5,5.2979647529132405
21,3,9.6,5.296858365039854
21,3,9.7,5.294748740438717
21,3,9.8,5.291714768429898
21,3,9.9,5.287837895435991
21,3,10.0,5.283202329982493
21,4,0.0,0.0
21,4,0.1,0.019144502677314802
21,4,0.2,0.04026361383468815
21,4,0.3,0.06365481080649216
21,4,0.4,0.08966087979617049
21,4,0.5,0.11867646631966068
21,4,0.6,0.15115523651382082
21,4,0.7,0.18761749224611443
21,4,0.8,0.2286579084969782
21,4,0.9,0.2749527800436814
21,4,1.0,0.32726572152072747
21,4,1.1,0.3864500830776778
21,4,1.2,0.45344531767571
21,4,1.3,0.5292630314648529
21,4,1.4,0.6149563154818553
21,4,1.5,0.711563073124556
21,4,1.6,0.8200104400789898
21,4,1.7,0.9409634312029439
21,4,1.8,1.074597843319455
21,4,1.9,1.2202779167037123
21,4,2.0,1.3761284676176961
21,4,2.1,1.5385173360051052
21,4,2.2,1.7015170393714638
21,4,2.3,1.8565002946609352
21,4,2.4,1.9921300509417412
21,4,2.5,2.095079260813916
21,4,2.6,2.1517581742620515
21,4,2.7,2.151028259487096
21,4,2.8,2.0873455257870535
21,4,2.9,1.96325518157201
21,4,3.0,1.7901047338474971
21,4,3.1,1.5865234094396028
21,4,3.2,1.375298800202977
21,4,3.3,1.1799182480542094
21,4,3.4,1.0215263157929553
21,4,3.5,0.9156364209327135
21,4,3.6,0.8678644829847042
21,4,3.7,0.8717045541095385
21,4,3.8,0.912789551876508
21,4,3.9,0.9764407324183979
21,4,4.0,1.0519164911706198
21,4,4.1,1.132646022886304
21,4,4.2,1.2149766219040468
21,4,4.3,1.296980467071444
21,4,4.4,1.3776710094990148
21,4,4.5,1.4565547009687296
21,4,4.6,1.5333906623401359
21,4,4.7,1.6080664127849174
21,4,4.8,1.6805351416154546
21,4,4.9,1.7507846171390873
21,4,5.0,1.8188219768362457
21,4,5.1,1.8846663127933596
21,4,5.2,1.9483449923232574
21,4,5.3,2.009891720824568
21,4,5.4,2.069345394822401
21,4,5.5,2.1267493063578744
21,4,5.6,2.182150506400482
21,4,5.7,2.235599249154133
21,4,5.8,2.287148489225586
21,4,5.9,2.336853423684375
21,4,6.0,2.3847710777052042
21,4,6.1,2.4309599336691217
21,4,6.2,2.4754796029040977
21,4,6.3,2.518390538187961
21,4,6.4,2.559753784287089
21,4,6.5,2.5996307632935545
21,4,6.6,2.6380830913191096
21,4,6.7,2.675172423151102
21,4,6.8,2.710960321661905
21,4,6.9,2.745508149045698
21,4,7.0,2.7788769772822386
21,4,7.1,2.811127515563593
21,4,7.2,2.842320052736807
21,4,7.3,2.872514413121385
21,4,7.4,2.901769924331635
21,4,7.5,2.93014539598386
21,4,7.6,2.9576991083775397
21,4,7.7,2.98448881044458
21,4,7.8,3.0105717264172305
21,4,7.9,3.036004570824949
21,4,8.0,3.060843571565826
21,4,8.1,3.0851445009127056
21,4,8.2,3.1089627144335354
21,4,8.3,3.1323531979053487
21,4,8.4,3.1553706224039564
21,4,8.5,3.1780694078414236
21,4,8.6,3.200503795328493
21,4,8.7,3.2227279288237356
21,4,8.8,3.2447959466413048
21,4,8.9,3.2667620834799194
21,4,9.0,3.288680783761653
21,4,9.1,3.3106068271668474
21,4,9.2,3.3325954673962173
21,4,9.3,3.3547025853179724
21,4,9.4,3.3769848578197212
21,4,9.5,3.399499943839167
21,4,9.6,3.4223066892514358
21,4,9.7,3.4454653524852574
21,4,9.8,3.4690378529781816
21,4,9.9,3.4930880448313597
21,4,10.0,3.5176820183268656
21,5,0.0,0.0
21,5,0.1,0.02872319332294735
21,5,0.2,0.05807288574974556
21,5,0.3,0.08821029104943308
21,5,0.4,0.11931166407478767
21,5,0.5,0.15156993330657603
21,5,0.6,0.18519621868207756
21,5,0.7,0.22042107639846945
21,5,0.8,0.2574952251284063
21,5,0.9,0.2966893812666798
21,5,1.0,0.3382926491148391
21,5,1.1,0.3826086560316274
21,5,1.2,0.42994827068709895
21,5,1.3,0.4806172745541461
21,5,1.4,0.5348967654015353
21,5,1.5,0.593013385751005
21,5,1.6,0.6550957992369182
21,5,1.7,0.7211134530497448
21,5,1.8,0.7907941132105906
21,5,1.9,0.8635189133325095
21,5,2.0,0.9381992013224645
21,5,2.1,1.0131500989373297
21,5,2.2,1.0859925648490432
21,5,2.3,1.153637093552885
21,5,2.4,1.2124195692763466
21,5,2.5,1.2584552681972532
21,5,2.6,1.2882273622447054
21,5,2.7,1.2993226059995922
21,5,2.8,1.291105351706131
21,5,2.9,1.2650711663368037
21,5,3.0,1.224725754926559
21,5,3.1,1.1750624413023663
21,5,3.2,1.1218944460647895
21,5,3.3,1.0712802977882017
21,5,3.4,1.0290886354876818
21,5,3.5,1.0005708558188022
21,5,3.6,0.9898191174391003
21,5,3.7,0.9991948588745102
21,5,3.8,1.0290238219071084
21,5,3.9,1.0777986507786304
21,5,4.0,1.14280997860058
21,5,4.1,1.220880129882854
21,5,4.2,1.3089195251080599
21,5,4.3,1.4042232310777492
21,5,4.4,1.5045642751977355
21,5,4.5,1.6081731888134823
21,5,4.6,1.7136711939792009
21,5,4.7,1.8199943283235234
21,5,4.8,1.9263247647790085
21,5,4.9,2.0320343135122636
21,5,5.0,2.1366400833602666
21,5,5.1,2.2397705037071685
21,5,5.2,2.341139574268373
21,5,5.3,2.4405274246789475
21,5,5.4,2.5377656294297584
21,5,5.5,2.632726079164841
21,5,5.6,2.7253125063608543
21,5,5.7,2.8154539951267963
21,5,5.8,2.903099979510717
21,5,5.9,2.9882163640687245
21,5,6.0,3.070782495484028
21,5,6.1,3.150788783615462
21,5,6.2,3.228234821377207
21,5,6.3,3.3031278903181986
21,5,6.4,3.375481766432993
21,5,6.5,3.4453157612302108
21,5,6.6,3.5126539483723835
21,5,6.7,3.577524537667284
21,5,6.8,3.6399593668178194
21,5,6.9,3.6999934879261485
21,5,7.0,3.7576648307367457
21,5,7.1,3.813013928460495
21,5,7.2,3.8660836949944315
21,5,7.3,3.916919244666246
21,5,7.4,3.965567747437052
21,5,7.5,4.012078313911594
21,5,7.6,4.056501905637159
21,5,7.7,4.098891267058359
21,5,7.8,4.13930087620182
21,5,7.9,4.177786911755915
21,5,8.0,4.21440723464328
21,5,8.1,4.24922138259135
21,5,8.2,4.282290576486679
21,5,8.3,4.3136777375670645
21,5,8.4,4.343447514705548
21,5,8.5,4.371666321216864
21,5,8.6,4.39840238076858
21,5,8.7,4.4237257820973515
21,5,8.8,4.447708542337256
21,5,8.9,4.470424678877004
21,5,9.0,4.49195028972738
21,5,9.1,4.512363642467323
21,5,9.2,4.531745271915767
21,5,9.3,4.550178086734464
21,5,9.4,4.567747485241349
21,5,9.5,4.584541480792061
21,5,9.6,4.600650837147512
21,5,9.7,4.616169214344786
21,5,9.8,4.6311933256629665
21,5,9.9,4.645823106386213
21,5,10.0,4.6601618951823855
21,6,0.0,0.0
21,6,0.1,0.018986210224744882
21,6,0.2,0.03854954304834057
21,6,0.3,0.05894417230647499
21,6,0.4,0.08045504878224648
21,6,0.5,0.10340232560447807
21,6,0.6,0.12814632926994907
21,6,0.7,0.15509309455213255
21,6,0.8,0.18470039742194994
21,6,0.9,0.217484065588802
21,6,1.0,0.25402408421411116
21,6,1.1,0.2949695911871082
21,6,1.2,0.34104119638629654
21,6,1.3,0.3930280604853813
21,6,1.4,0.4517757047878207
21,6,1.5,0.5181584643355407
21,6,1.6,0.5930277703042718
21,6,1.7,0.6771241853243846
21,6,1.8,0.7709379404232208
21,6,1.9,0.8745012561581782
21,6,2.0,0.9870993145372452
21,6,2.1,1.1069011148601036
21,6,2.2,1.230544402116724
21,6,2.3,1.3527669223663528
21,6,2.4,1.4662554561525425
21,6,2.5,1.5619545138579796
21,6,2.6,1.6300708095665228
21,6,2.7,1.6618419513197504
21,6,2.8,1.6517821827031989
21,6,2.9,1.5997138896737508
21,6,3.0,1.5117434460923638
21,6,3.1,1.399675898410548
21,6,3.2,1.2790345980231281
21,6,3.3,1.166346386658001
21,6,3.4,1.0762990149821692
21,6,3.5,1.019088689191231
21,6,3.6,0.9985310085316476
21,6,3.7,1.0120880816213946
21,6,3.8,1.0531847464601891
21,6,3.9,1.1142902197835016
21,6,4.0,1.1889666967089738
21,6,4.1,1.272509431557897
21,6,4.2,1.3617674808370757
21,6,4.3,1.4547241416023275
21,6,4.4,1.5501118451094473
21,6,4.5,1.6471323546575707
21,6,4.6,1.7452731836081827
21,6,4.7,1.8441931893308172
21,6,4.8,1.9436532394477444
21,6,4.9,2.043474870431495
21,6,5.0,2.1435159001310162
21,6,5.1,2.243656167737631
21,6,5.2,2.3437892729537695
21,6,5.3,2.4438178465613363
21,6,5.4,2.543650886145822
21,6,5.5,2.6432022890629345
21,6,5.6,2.742390070618445
21,6,5.7,2.8411359667906426
21,6,5.8,2.9393652462336264
21,6,5.9,3.037006630611241
21,6,6.0,3.1339922662323345
21,6,6.1,3.2302577157564967
21,6,6.2,3.3257419537493047
21,6,6.3,3.4203873584580884
21,6,6.4,3.5141396969632717
21,6,6.5,3.606948103417756
21,6,6.6,3.6987650513495973
21,6,6.7,3.7895463215265037
21,6,6.8,3.879250967012179
21,6,6.9,3.9678412769735454
21,6,7.0,4.055282740625802
21,6,7.1,4.141544012514924
21,6,7.2,4.22659688014001
21,6,7.3,4.310416234761118
21,6,7.4,4.392980046083732
21,6,7.5,4.474269341412281
21,6,7.6,4.554268189773373
21,6,7.7,4.632963691450999
21,6,7.8,4.71034597333698
21,6,7.9,4.786408190479955
21,6,8.0,4.8611465342059335
21,6,8.1,4.934560247195578
21,6,8.2,5.006651645918654
21,6,8.3,5.07742615085423
21,6,8.4,5.1468923249605885
21,6,8.5,5.215061920907355
21,6,8.6,5.281949937626433
21,6,8.7,5.3475746868105185
21,6,8.8,5.411957870038484
21,6,8.9,5.4751246672999265
21,6,9.0,5.537103837759362
21,6,9.1,5.597927833704107
21,6,9.2,5.657632928714493
21,6,9.3,5.7162593612204855
21,6,9.4,5.773851494716741
21,6,9.5,5.830457996070891
21,6,9.6,5.8861320334974545
21,6,9.7,5.9409314959521975
21,6,9.8,5.994919235893161
21,6,9.9,6.048163337573814
21,6,10.0,6.100737413268828
41,1,0.0,0.0
41,1,0.1,0.39728836463898143
41,1,0.2,0.7185269794091499
41,1,0.3,0.9923899549108196
41,1,0.4,1.2372222723413078
41,1,0.5,1.4647103035309235
41,1,0.6,1.6821807300108471
41,1,0.7,1.8941051014888985
41,1,0.8,2.1031043636160436
41,1,0.9,2.310620627234493
41,1,1.0,2.5173622139203427
41,1,1.1,2.7235941398832226
41,1,1.2,2.9293244237354603
41,1,1.3,3.1344212767922515
41,1,1.4,3.338685185271321
41,1,1.5,3.5418920215335374
41,1,1.6,3.7438178416453654
41,1,1.7,3.944252300479821
41,1,1.8,4.143005132166657
41,1,1.9,4.339908514877068
41,1,2.0,4.534817084127685
41,1,2.1,4.727606682865161
41,1,2.2,4.918172507461963
41,1,2.3,5.106427038838283
41,1,2.4,5.292297979899464
41,1,2.5,5.475726317251053
41,1,2.6,5.6566645628346555
41,1,2.7,5.835075194458351
41,1,2.8,6.010929293463474
41,1,2.9,6.18420536679425
41,1,3.0,6.354888335656485
41,1,3.1,6.5229686713204345
41,1,3.2,6.688441658932142
41,1,3.3,6.8513067715353975
41,1,3.4,7.011567138292995
41,1,3.5,7.16922909283055
41,1,3.6,7.324301789509393
41,1,3.7,7.476796877178479
41,1,3.8,7.626728221516196
41,1,3.9,7.774111668444262
41,1,4.0,7.91896484227342
41,1,4.1,8.061306973252275
41,1,4.2,8.201158750045296
41,1,4.3,8.33854219338766
41,1,4.4,8.473480547769897
41,1,4.5,8.605998188510222
41,1,4.6,8.7361205420041
41,1,4.7,8.863874017287865
41,1,4.8,8.989285947352256
41,1,4.9,9.112384538890472
41,1,5.0,9.233198829372505
41,1,5.1,9.351758650506127
41,1,5.2,9.468094597295442
41,1,5.3,9.582238002030428
41,1,5.4,9.69422091263339
41,1,5.5,9.804076074888098
41,1,5.6,9.911836918140718
41,1,5.7,10.017537544125481
41,1,5.8,10.12121271862216
41,1,5.9,10.222897865694767
41,1,6.0,10.32262906429992
41,1,6.1,10.420443047084065
41,1,6.2,10.516377201219163
41,1,6.3,10.610469571149734
41,1,6.4,10.70275886314264
41,1,6.5,10.793284451553255
41,1,6.6,10.882086386731636
41,1,6.7,10.969205404515415
41,1,6.8,11.054682937257281
41,1,6.9,11.13856112635482
41,1,7.0,11.220882836257221
41,1,7.1,11.30169166992871
41,1,7.2,11.3810319857649
41,1,7.3,11.45894891595827
41,1,7.4,11.535488386317537
41,1,7.5,11.610697137556533
41,1,7.6,11.684622748069414
41,1,7.7,11.757313658216042
41,1,7.8,11.828819196149949
41,1,7.9,11.899189605223297
41,1,8.0,11.968476073012505
41,1,8.1,12.036730762010372
41,1,8.2,12.104006842037663
41,1,8.3,12.170358524437907
41,1,8.4,12.235841098112951
41,1,8.5,12.300510967477805
41,1,8.6,12.364425692409911
41,1,8.7,12.427644030277605
41,1,8.8,12.49022598014291
41,1,8.9,12.552232829235638
41,1,9.0,12.61372720181147
41,1,9.1,12.674773110508875
41,1,9.2,12.735436010333949
41,1,9.3,12.795782855409893
41,1,9.4,12.855882158643192
41,1,9.5,12.915804054464363
41,1,9.6,12.975620364823262
41,1,9.7,13.035404668620192
41,1,9.8,13.095232374788598
41,1,9.9,13.155180799242641
41,1,10.0,13.215329245935282
41,2,0.0,0.0
41,2,0.1,0.42110827012720925
41,2,0.2,0.8254948947425523
41,2,0.3,1.2171664497615955
41,2,0.4,1.5984289089414225
41,2,0.5,1.9706189466066089
41,2,0.6,2.3345116976661244
41,2,0.7,2.690555583424434
41,2,0.8,3.03901050031648
41,2,0.9,3.380030106560663
41,2,1.0,3.713710940556746
41,2,1.1,4.040121524780888
41,2,1.2,4.359319282357388
41,2,1.3,4.671360020131584
41,2,1.4,4.976302904692975
41,2,1.5,5.2742127457511225
41,2,1.6,5.5651607130885274
41,2,1.7,5.849224182774832
41,2,1.8,6.126486137435991
41,2,1.9,6.397034374819268
41,2,2.0,6.660960671917573
41,2,2.1,6.918359985476573
41,2,2.2,7.169329729039798
41,2,2.3,7.413969142423712
41,2,2.4,7.652378755559724
41,2,2.5,7.884659941120957
41,2,2.6,8.110914546746574
41,2,2.7,8.331244596413523
41,2,2.8,8.545752050560555
41,2,2.9,8.754538615323487
41,2,3.0,8.957705592321878
41,2,3.1,9.155353761609652
41,2,3.2,9.347583291536775
41,2,3.3,9.534493670320126
41,2,3.4,9.716183655040158
41,2,3.5,9.892751234571769
41,2,3.6,10.064293603622216
41,2,3.7,10.23090714560541
41,2,3.8,10.392687422533664
41,2,3.9,10.549729170482019
41,2,4.0,10.702126299473967
41,2,4.1,10.849971896886029
41,2,4.2,10.993358233654483
41,2,4.3,11.132376772723804
41,2,4.4,11.267118179299286
41,2,4.5,11.397672332558372
41,2,4.6,11.52412833855799
41,2,4.7,11.646574544126821
41,2,4.8,11.765098551588526
41,2,4.9,11.879787234185452
41,2,5.0,11.990726752119002
41,2,5.1,12.098002569126086
41,2,5.2,12.20169946954294
41,2,5.3,12.301901575820017
41,2,5.4,12.398692366450085
41,2,5.5,12.49215469430112
41,2,5.6,12.582370805332593
41,2,5.7,12.669422357688362
41,2,5.8,12.753390441168866
41,2,5.9,12.834355597074804
41,2,6.0,12.912397838430557
41,2,6.1,12.987596670590566
41,2,6.2,13.060031112237612
41,2,6.3,13.129779716779447
41,2,6.4,13.196920594160206
41,2,6.5,13.261531433093959
41,2,6.6,13.323689523734606
41,2,6.7,13.383471780804006
41,2,6.8,13.440954767185877
41,2,6.9,13.49621471801272
41,2,7.0,13.549327565257926
41,2,7.1,13.600368962861225
41,2,7.2,13.649414312406279
41,2,7.3,13.696538789377392
41,2,7.4,13.74181737002203
41,2,7.5,13.78532485884438
41,2,7.6,13.827135916771208
41,2,7.7,13.867325090008153
41,2,7.8,13.905966839635884
41,2,7.9,13.943135571976416
41,2,8.0,13.978905669776639
41,2,8.1,14.013351524247623
41,2,8.2,14.046547568013072
41,2,8.3,14.078568309016502
41,2,8.4,14.109488365443148
41,2,8.5,14.139382501714804
41,2,8.6,14.16832566562728
41,2,8.7,14.19639302669562
41,2,8.8,14.223660015784914
41,2,8.9,14.250202366110797
41,2,9.0,14.27609615569209
41,2,9.1,14.301417851358547
41,2,9.2,14.326244354410877
41,2,9.3,14.35065304804882
41,2,9.4,14.374721846688331
41,2,9.5,14.398529247300305
41,2,9.6,14.42215438291066
41,2,9.7,14.44567707841882
41,2,9.8,14.469177908904756
41,2,9.9,14.492738260601584
41,2,10.0,14.516440394738265
41,3,0.0,0.0
41,3,0.1,0.21198604225680387
41,3,0.2,0.373065237156592
41,3,0.3,0.49828103655271533
41,3,0.4,0.5975713845958378
41,3,0.5,0.6776869226864607
41,3,0.6,0.7433193465851239
41,3,0.7,0.7977927594671933
41,3,0.8,0.8435020011572696
41,3,0.9,0.8821986397987719
41,3,1.0,0.9151821048577069
41,3,1.1,0.9434300173812029
41,3,1.2,0.9676885684687091
41,3,1.3,0.9885360861081735
41,3,1.4,1.0064282830442688
41,3,1.5,1.0217307963055304
41,3,1.6,1.0347427957049744
41,3,1.7,1.045714245849361
41,3,1.8,1.0548586146447774
41,3,1.9,1.062362286772829
41,3,2.0,1.0683915742354875
41,3,2.1,1.0730979615701048
41,3,2.2,1.0766220445147787
41,3,2.3,1.0790964939638674
41,3,2.4,1.0806482860890778
41,3,2.5,1.0814003738227869
41,3,2.6,1.0814729270894645
41,3,2.7,1.0809842342197544
41,3,2.8,1.0800513312671176
41,3,2.9,1.0787904071103003
41,3,3.0,1.0773170184604697
41,3,3.1,1.075746139037892
41,3,3.2,1.0741920604160327
41,3,3.3,1.072768157733695
41,3,3.4,1.0715865312735047
41,3,3.5,1.0707575344497704
41,3,3.6,1.0703891997660073
41,3,3.7,1.0705865765195526
41,3,3.8,1.071450997123436
41,3,3.9,1.073079292508854
41,3,4.0,1.0755629807027731
41,3,4.1,1.0789874559336048
41,3,4.2,1.0834312078992885
41,3,4.3,1.0889651017998583
41,3,4.4,1.0956517489740072
41,3,4.5,1.103544995304866
41,3,4.6,1.1126895500366076
41,3,4.7,1.1231207714500608
41,3,4.8,1.1348646184726514
41,3,4.9,1.147937769335391
41,3,5.0,1.16234790046826
41,3,5.1,1.178094111661937
41,3,5.2,1.195167477619116
41,3,5.3,1.2135517017928494
41,3,5.4,1.2332238460001521
41,3,5.5,1.2541551087561982
41,3,5.6,1.2763116263222498
41,3,5.7,1.2996552728485675
41,3,5.8,1.324144439302871
41,3,5.9,1.34973477470549
41,3,6.0,1.376379877225282
41,3,6.1,1.4040319265617036
41,3,6.2,1.4326422525878073
41,3,6.3,1.4621618382812012
41,3,6.4,1.4925417574698785
41,3,6.5,1.5237335498488906
41,3,6.6,1.5556895371251294
41,3,6.7,1.588363085070212
41,3,6.8,1.6217088167852138
41,3,6.9,1.6556827826875296
41,3,7.0,1.6902425926781617
41,3,7.1,1.7253475157377454
41,3,7.2,1.7609585518480682
41,3,7.3,1.7970384807256803
41,3,7.4,1.8335518914028792
41,3,7.5,1.8704651962319125
41,3,7.6,1.9077466324425514
41,3,7.7,1.9453662539575933
41,3,7.8,1.9832959157867953
41,3,7.9,2.0215092529646297
41,3,8.0,2.059981655686346
41,3,8.1,2.098690242022135
41,3,8.2,2.1376138293518854
41,3,8.3,2.176732905458938
41,3,8.4,2.2160296000475745
41,3,8.5,2.255487657303634
41,3,8.6,2.2950924099951684
41,3,8.7,2.3348307555094827
41,3,8.8,2.374691134139973
41,3,8.9,2.4146635098687974
41,3,9.0,2.454739353837657
41,3,9.1,2.494911630655806
41,3,9.2,2.5351747876613104
41,3,9.3,2.5755247472256153
41,3,9.4,2.6159589021726424
41,3,9.5,2.65647611437043
41,3,9.6,2.697076716544321
41,3,9.7,2.7377625173556144
41,3,9.8,2.7785368097865066
41,3,9.9,2.8194043828760416
41,3,10.0,2.8603715368499585
41,4,0.0,0.0
41,4,0.1,0.31967706951683644
41,4,0.2,0.6282523720668668
41,4,0.3,0.9284110012214116
41,4,0.4,1.2218061420811634
41,4,0.5,1.5094654799879041
41,4,0.6,1.7920306515224793
41,4,0.7,2.069903015624036
41,4,0.8,2.343334347513873
41,4,0.9,2.6124839939192404
41,4,1.0,2.8774550880107936
41,4,1.1,3.138317472338323
41,4,1.2,3.395122104106295
41,4,1.3,3.6479099823899204
41,4,1.4,3.896717557386857
41,4,1.5,4.141579894724777
41,4,1.6,4.382532423602754
41,4,1.7,4.619611807415901
41,4,1.8,4.852856285048051
41,4,1.9,5.082305705757286
41,4,2.0,5.308001398391802
41,4,2.1,5.529985961964323
41,4,2.2,5.748303029832356
41,4,2.3,5.962997037428755
41,4,2.4,6.174113009443906
41,4,2.5,6.381696373691522
41,4,2.6,6.585792803728918
41,4,2.7,6.786448089363551
41,4,2.8,6.983708032659218
41,4,2.9,7.177618366393397
41,4,3.0,7.3682246917625545
41,4,3.1,7.555572432275523
41,4,3.2,7.739706801052374
41,4,3.3,7.920672779097353
41,4,3.4,8.098515102458304
41,4,3.5,8.273278256526284
41,4,3.6,8.445006476023645
41,4,3.7,8.613743749498807
41,4,3.8,8.779533827366262
41,4,3.9,8.942420232719481
41,4,4.0,9.102446274304183
41,4,4.1,9.259655061164159
41,4,4.2,9.414089518576558
41,4,4.3,9.565792404983195
41,4,4.4,9.714806329683585
41,4,4.5,9.861173771117901
41,4,4.6,10.004937095606621
41,4,4.7,10.146138576449193
41,4,4.8,10.284820413308925
41,4,4.9,10.421024751839468
41,4,5.0,10.554793703512393
41,4,5.1,10.686169365635788
41,4,5.2,10.815193841548055
41,4,5.3,10.941909260986193
41,4,5.4,11.066357800640986
41,4,5.5,11.188581704899153
41,4,5.6,11.308623306797491
41,4,5.7,11.426525049199846
41,4,5.8,11.542329506221016
41,4,5.9,11.656079404922293
41,4,6.0,11.767817647298177
41,4,6.1,11.877587332586586
41,4,6.2,11.985431779927502
41,4,6.3,12.091394551402697
41,4,6.4,12.19551947548276
41,4,6.5,12.297850670919926
41,4,6.6,12.39843257111515
41,4,6.7,12.497309949000213
41,4,6.8,12.594527942464005
41,4,6.9,12.69013208037013
41,4,7.0,12.784168309198126
41,4,7.1,12.876683020355356
41,4,7.2,12.967723078198466
41,4,7.3,13.057335848814676
41,4,7.4,13.145569229603836
41,4,7.5,13.232471679721204
41,4,7.6,13.318092251419213
41,4,7.7,13.4024806223568
41,4,7.8,13.485687128925049
41,4,7.9,13.56776280065292
41,4,8.0,13.648759395757018
41,4,8.1,13.728729437902222
41,4,8.2,13.807726254243304
41,4,8.3,13.885804014826261
41,4,8.4,13.9630177734243
41,4,8.5,14.039423509896183
41,4,8.6,14.115078174156274
41,4,8.7,14.190039731848742
41,4,8.8,14.264367211830395
41,4,8.9,14.338120755568271
41,4,9.0,14.411361668564757
41,4,9.1,14.484152473935266
41,4,9.2,14.556556968268149
41,4,9.3,14.628640279905978
41,4,9.4,14.700468929795369
41,4,9.5,14.772110895071432
41,4,9.6,14.843635675538021
41,4,9.7,14.91511436323843
41,4,9.8,14.986619715305107
41,4,9.9,15.058226230305861
41,4,10.0,15.130010228310564
41,5,0.0,0.0
41,5,0.1,0.27933723741399147
41,5,0.2,0.5430384144008473
41,5,0.3,0.7950236063379053
41,5,0.4,1.0378453402508512
41,5,0.5,1.2732214264750354
41,5,0.6,1.502339828932713
41,5,0.7,1.7260413738481426
41,5,0.8,1.9449335454574683
41,5,0.9,2.159463647298059
41,5,1.0,2.3699670813550444
41,5,1.1,2.576699898120608
41,5,1.2,2.779861136088478
41,5,1.3,2.979608385446499
41,5,1.4,3.176068772384817
41,5,1.5,3.369346800808641
41,5,1.6,3.5595300093244555
41,5,1.7,3.7466930922585187
41,5,1.8,3.9309009299840474
41,5,1.9,4.112210837646171
41,5,2.0,4.290674248972706
41,5,2.1,4.466337988398586
41,5,2.2,4.639245240751162
41,5,2.3,4.809436296964845
41,5,2.4,4.976949132605872
41,5,2.5,5.141819860596292
41,5,2.6,5.304083088514272
41,5,2.7,5.46377220293836
41,5,2.8,5.6209195975737565
41,5,2.9,5.7755568577262455
41,5,3.0,5.927714910624109
41,5,3.1,6.0774241488319065
41,5,3.2,6.224714532319849
41,5,3.3,6.369615673498566
41,5,3.4,6.512156908570684
41,5,3.5,6.652367357847376
41,5,3.6,6.7902759771080845
41,5,3.7,6.925911601675325
41,5,3.8,7.059302984532262
41,5,3.9,7.1904788295641096
41,5,4.0,7.319467820793963
41,5,4.1,7.446298648326824
41,5,4.2,7.5710000315885475
41,5,4.3,7.6936007403387014
41,5,4.4,7.814129613859431
41,5,4.5,7.9326155786513874
41,5,4.6,8.049087664914934
41,5,4.7,8.163575022049908
41,5,4.8,8.276106933370523
41,5,4.9,8.386712830201308
41,5,5.0,8.495422305496248
41,5,5.1,8.602265127103998
41,5,5.2,8.707271250783556
41,5,5.3,8.81047083305553
41,5,5.4,8.91189424397809
41,5,5.5,9.011572079908326
41,5,5.6,9.109535176312662
41,5,5.7,9.205814620685828
41,5,5.8,9.30044176562037
41,5,5.9,9.39344824208046
41,5,6.0,9.484865972913887
41,5,6.1,9.574727186647262
41,5,6.2,9.663064431599015
41,5,6.3,9.749910590343829
41,5,6.4,9.83529889456642
41,5,6.5,9.919262940332395
41,5,6.6,10.001836703814545
41,5,6.7,10.083054557502996
41,5,6.8,10.162951286932133
41,5,6.9,10.241562107960213
41,5,7.0,10.318922684630657
41,5,7.1,10.39506914765256
41,5,7.2,10.470038113535002
41,5,7.3,10.54386670440943
41,5,7.4,10.616592568580923
41,5,7.5,10.68825390184756
41,5,7.6,10.758889469621806
41,5,7.7,10.828538629911145
41,5,7.8,10.897241357189207
41,5,7.9,10.965038267211552
41,5,8.0,11.031970642826385
41,5,8.1,11.098080460832085
41,5,8.2,11.163410419937316
41,5,8.3,11.228003969883748
41,5,8.4,11.291905341794308
41,5,8.5,11.355159579813137
41,5,8.6,11.41781257411233
41,5,8.7,11.4799110953344
41,5,8.8,11.541502830558281
41,5,8.9,11.602636420870414
41,5,9.0,11.663361500636746
41,5,9.1,11.72372873857076
41,5,9.2,11.78378988070779
41,5,9.3,11.843597795393157
41,5,9.4,11.903206520409897
41,5,9.5,11.962671312374482
41,5,9.6,12.02204869853879
41,5,9.7,12.08139653115473
41,5,9.8,12.140774044554403
41,5,9.9,12.200241915125915
41,5,10.0,12.259862324374135
41,6,0.0,0.0
41,6,0.1,0.3482173617013233
41,6,0.2,0.678388222096181
41,6,0.3,0.9960222178598116
41,6,0.4,1.3042945624818032
41,6,0.5,1.6050436391042735
41,6,0.6,1.8993297910416596
41,6,0.7,2.18775742801118
41,6,0.8,2.4706645226927773
41,6,0.9,2.748235526491742
41,6,1.0,3.0205690234139495
41,6,1.1,3.2877181828663864
41,6,1.2,3.5497146911820443
41,6,1.3,3.8065826004985515
41,6,1.4,4.058346031471333
41,6,1.5,4.305033158278705
41,6,1.6,4.546677980427108
41,6,1.7,4.783320812954555
41,6,1.8,5.015008068630872
41,6,1.9,5.241791681194742
41,6,2.0,5.46372837782681
41,6,2.1,5.68087892109407
41,6,2.2,5.893307386155072
41,6,2.3,6.101080505800305
41,6,2.4,6.304267096112506
41,6,2.5,6.502937564165669
41,6,2.6,6.697163493043454
41,6,2.7,6.887017296503781
41,6,2.8,7.072571934558158
41,6,2.9,7.253900681252906
41,6,3.0,7.431076936538027
41,6,3.1,7.604174074969183
41,6,3.2,7.7732653249346555
41,6,3.3,7.93842367302416
41,6,3.4,8.099721789019505
41,6,3.5,8.257231967737859
41,6,3.6,8.411026084625135
41,6,3.7,8.561175562551355
41,6,3.8,8.707751347728614
41,6,3.9,8.85082389306773
41,6,4.0,8.990463147600122
41,6,4.1,9.126738550865692
41,6,4.2,9.259719031372285
41,6,4.3,9.389473008411867
41,6,4.4,9.516068396655461
41,6,4.5,9.639572613065644
41,6,4.6,9.76005258575262
41,6,4.7,9.877574764479569
41,6,4.8,9.99220513257689
41,6,4.9,10.104009220076255
41,6,5.0,10.213052117913398
41,6,5.1,10.319398493076237
41,6,5.2,10.423112604605256
41,6,5.3,10.52425832037296
41,6,5.4,10.62289913457888
41,6,5.5,10.71909818591847
41,6,5.6,10.812918276393107
41,6,5.7,10.904421890733046
41,6,5.8,10.993671216419223
41,6,5.9,11.080728164291667
41,6,6.0,11.165654389739752
41,6,6.1,11.248511314473253
41,6,6.2,11.329360148879449
41,6,6.3,11.408261914970927
41,6,6.4,11.48527746993667
41,6,6.5,11.56046753030797
41,6,6.6,11.633892696758368
41,6,6.7,11.7056134795513
41,6,6.8,11.77569032466433
41,6,6.9,11.844183640606127
41,6,7.0,11.911153825958676
41,6,7.1,11.976661297669702
41,6,7.2,12.040766520130127
41,6,7.3,12.103530035068998
41,6,7.4,12.165012492303097
41,6,7.5,12.225274681379439
41,6,7.6,12.284377564161298
41,6,7.7,12.342382308391693
41,6,7.8,12.399350322293738
41,6,7.9,12.455343290258277
41,6,8.0,12.51042320967368
41,6,8.1,12.564652428962116
41,6,8.2,12.618093686885093
41,6,8.3,12.670810153191795
41,6,8.4,12.722865470684305
41,6,8.5,12.774323798777472
41,6,8.6,12.825249858647911
41,6,8.7,12.875708980059537
41,6,8.8,12.925767149967564
41,6,8.9,12.975491063010004
41,6,9.0,13.024948174003372
41,6,9.1,13.074206752565722
41,6,9.2,13.123335940003907
41,6,9.3,13.172405808606737
41,6,9.4,13.221487423507948
41,6,9.5,13.270652907278595
41,6,9.6,13.319975507438341
41,6,9.7,13.36952966707901
41,6,9.8,13.419391098815293
41,6,9.9,13.469636862289992
41,6,10.0,13.520345445486683
61,1,0.0,0.0
61,1,0.1,0.03435607598489309
61,1,0.2,0.06832731372044173
61,1,0.3,0.10240073373544438
61,1,0.4,0.1371829110451414
61,1,0.5,0.17341649774043044
61,1,0.6,0.211991824996849
61,1,0.7,0.2539499944064732
61,1,0.8,0.3004735851059024
61,1,0.9,0.35286100203997606
61,1,1.0,0.4124800500566889
61,1,1.1,0.48069481029247463
61,1,1.2,0.5587568968770094
61,1,1.3,0.6476482409783318
61,1,1.4,0.7478598019039517
61,1,1.5,0.8590931007663671
61,1,1.6,0.9798853270458062
61,1,1.7,1.1071913120623338
61,1,1.8,1.236011815246568
61,1,1.9,1.359231176045547
61,1,2.0,1.4678883165962138
61,1,2.1,1.5520924280583404
61,1,2.2,1.6026387667707673
61,1,2.3,1.6130701307845208
61,1,2.4,1.5815923216872663
61,1,2.5,1.5121327252117387
61,1,2.6,1.4141056653306021
61,1,2.7,1.3009951167870517
61,1,2.8,1.1882832084825095
61,1,2.9,1.0911980368583414
61,1,3.0,1.0223496559899292
61,1,3.1,0.9892967732331184
61,1,3.2,0.9929920839449159
61,1,3.3,1.028570641356581
61,1,3.4,1.0882569960916046
61,1,3.5,1.1642988678988044
61,1,3.6,1.2504837950175944
61,1,3.7,1.3423870189849842
61,1,3.8,1.4370482717657649
61,1,3.9,1.5325465310076647
61,1,4.0,1.6276496494524073
61,1,4.1,1.721567578366094
61,1,4.2,1.813790138799909
61,1,4.3,1.9039837038321017
61,1,4.4,1.991926276897045
61,1,4.5,2.0774668527140285
61,1,4.6,2.160499944046076
61,1,4.7,2.2409495490382887
61,1,4.8,2.3187590051124194
61,1,4.9,2.393884529391781
61,1,5.0,2.466291081049678
61,1,5.1,2.5359496951775693
61,1,5.2,2.6028357549969923
61,1,5.3,2.6669278658975406
61,1,5.4,2.728207117483872
61,1,5.5,2.786656596894406
61,1,5.6,2.8422610654372815
61,1,5.7,2.895006741657062
61,1,5.8,2.944881153883658
61,1,5.9,2.991873038163857
61,1,6.0,3.0359722658026027
61,1,6.1,3.0771697901727095
61,1,6.2,3.1154576059886026
61,1,6.3,3.1508287165562407
61,1,6.4,3.1832771060307694
61,1,6.5,3.2127977147083335
61,1,6.6,3.239386416030885
61,1,6.7,3.2630399944011446
61,1,6.8,3.283756123187171
61,1,6.9,3.301533342468692
61,1,7.0,3.3163710361886207
61,1,7.1,3.3282694084464595
61,1,7.2,3.3372294587061204
61,1,7.3,3.3432529557163844
61,1,7.4,3.3463424099545476
61,1,7.5,3.3465010443977996
61,1,7.6,3.343732763429688
61,1,7.7,3.3380421196834527
61,1,7.8,3.3294342785998534
61,1,7.9,3.317914980482245
61,1,8.0,3.3034904998063723
61,1,8.1,3.2861676015254293
61,1,8.2,3.2659534941029102
61,1,8.3,3.242855778988299
61,1,8.4,3.2168823962254645
61,1,8.5,3.18804156589057
61,1,8.6,3.1563417250257384
61,1,8.7,3.121791459749867
61,1,8.8,3.0843994322206316
61,1,8.9,3.0441743021500014
61,1,9.0,3.001124642611322
61,1,9.1,2.955258849944555
61,1,9.2,2.9065850476748376
61,1,9.3,2.85511098453113
61,1,9.4,2.800843926894893
61,1,9.5,2.7437905463879275
61,1,9.6,2.683956803838395
61,1,9.7,2.621347831662445
61,1,9.8,2.5559678178179084
61,1,9.9,2.4878198961552918
61,1,10.0,2.416906050382773
61,2,0.0,0.0
61,2,0.1,0.024176055295967325
61,2,0.2,0.05021956143294921
61,2,0.3,0.07848640110209393
61,2,0.4,0.10937078080951311
61,2,0.5,0.1433037996757844
61,2,0.6,0.18074848826237885
61,2,0.7,0.22218924144847255
61,2,0.8,0.2681126148284838
61,2,0.9,0.31897519220127835
61,2,1.0,0.375152681142527
61,2,1.1,0.4368627238814573
61,2,1.2,0.5040526074180187
61,2,1.3,0.5762431883510831
61,2,1.4,0.6523239188685436
61,2,1.5,0.7303041054690242
61,2,1.6,0.8070466974598979
61,2,1.7,0.8780465674716682
61,2,1.8,0.9373638723307897
61,2,1.9,0.9778704002162513
61,2,2.0,0.991979020674472
61,2,2.1,0.9729568714617006
61,2,2.2,0.9167519539074677
61,2,2.3,0.8240762009641129
61,2,2.4,0.7025634732909553
61,2,2.5,0.5696391735129892
61,2,2.6,0.4580507995301827
61,2,2.7,0.4175835611081668
61,2,2.8,0.4748600273159069
61,2,2.9,0.596312503739429
61,2,3.0,0.7407299490503201
61,2,3.1,0.8870629507250132
61,2,3.2,1.027003362818792
61,2,3.3,1.1580401278653154
61,2,3.4,1.280214777759555
61,2,3.5,1.394621239073586
61,2,3.6,1.5026807196258014
61,2,3.7,1.6057948848843728
61,2,3.8,1.7051955889818011
61,2,3.9,1.8018971549451683
61,2,4.0,1.89669951886866
61,2,4.1,1.9902136790474751
61,2,4.2,2.082894204300612
61,2,4.3,2.175071223038984
61,2,4.4,2.2669786024873186
61,2,4.5,2.358777305815651
61,2,4.6,2.450574032564946
61,2,4.7,2.5424357226947136
61,2,4.8,2.634400643311588
61,2,4.9,2.726486754169802
61,2,5.0,2.818697958342836
61,2,5.1,2.911028736765492
61,2,5.2,3.0034675625291936
61,2,5.3,3.0959994020231925
61,2,5.4,3.1886075374171297
61,2,5.5,3.281274887605107
61,2,5.6,3.3739849603617538
61,2,5.7,3.4667225346609283
61,2,5.8,3.559474146641088
61,2,5.9,3.6522284336242734
61,2,6.0,3.744976376400269
61,2,6.1,3.8377114694639234
61,2,6.2,3.9304298411116014
61,2,6.3,4.023130339544141
61,2,6.4,4.1158145969219255
61,2,6.5,4.208487080184424
61,2,6.6,4.301155135200237
61,2,6.7,4.3938290291305595
61,2,6.8,4.48652199470936
61,2,6.9,4.579250279258415
61,2,7.0,4.672033200651749
61,2,7.1,4.764893212006577
61,2,7.2,4.85785597659291
61,2,7.3,4.950950454261367
61,2,7.4,5.044209000592209
61,2,7.5,5.1376674799070186
61,2,7.6,5.2313653932982875
61,2,7.7,5.325346022872256
61,2,7.8,5.419656593460133
61,2,7.9,5.514348453167455
61,2,8.0,5.609477274244101
61,2,8.1,5.7051032759108695
61,2,8.2,5.801291470950014
61,2,8.3,5.898111938058162
61,2,8.4,5.995640122185333
61,2,8.5,6.093957165332359
61,2,8.6,6.1931502705502375
61,2,8.7,6.293313102207189
61,2,8.8,6.394546225932189
61,2,8.9,6.496957592039379
61,2,9.0,6.600663066673676
61,2,9.1,6.70578701542159
61,2,9.2,6.812462944679685
61,2,9.3,6.920834206710079
61,2,9.4,7.031054775015965
61,2,9.5,7.143290097478141
61,2,9.6,7.257718035603402
61,2,9.7,7.374529899267408
61,2,9.8,7.493931587515697
61,2,9.9,7.616144847317065
61,2,10.0,7.741408663697825
61,3,0.0,0.0
61,3,0.1,0.017746152926214242
61,3,0.2,0.0336810124027927
61,3,0.3,0.04786220087203005
61,3,0.4,0.06035569738001913
61,3,0.5,0.07123642696387562
61,3,0.6,0.08058753297155644
61,3,0.7,0.08849729977667452
61,3,0.8,0.09505228724876945
61,3,0.9,0.10032490330381055
61,3,1.0,0.10435364960929354
61,3,1.1,0.10711511597891443
61,3,1.2,0.1084892346155362
61,3,1.3,0.10822452237097611
61,3,1.4,0.1059203538210629
61,3,1.5,0.10106510537529946
61,3,1.6,0.09322378385482767
61,3,1.7,0.08263201018857214
61,3,1.8,0.07191771252522232
61,3,1.9,0.06961735960597928
61,3,2.0,0.08773456018363497
61,3,2.1,0.12730216613405682
61,3,2.2,0.18168309326520288
61,3,2.3,0.24500397319065284
61,3,2.4,0.3122599165236021
61,3,2.5,0.3788146246233367
61,3,2.6,0.44068624407307655
61,3,2.7,0.4950348103204744
61,3,2.8,0.5404482733750474
61,3,2.9,0.5768926945762558
61,3,3.0,0.6053892665430155
61,3,3.1,0.6275697452344086
61,3,3.2,0.6452527863892094
61,3,3.3,0.6601257483162482
61,3,3.4,0.6735567125798533
61,3,3.5,0.6865220164158211
61,3,3.6,0.6996170234033434
61,3,3.7,0.7131154567701897
61,3,3.8,0.7270483794725883
61,3,3.9,0.7412828036443231
61,3,4.0,0.7555887336991698
61,3,4.1,0.769690404318579
61,3,4.2,0.7833019639158988
61,3,4.3,0.7961501199381725
61,3,4.4,0.8079869534554398
61,3,4.5,0.818595907981097
61,3,4.6,0.8277933776579325
61,3,4.7,0.8354276742330649
61,3,4.8,0.8413765890333356
61,3,4.9,0.845544332471958
61,3,5.0,0.8478583253071937
61,3,5.1,0.8482661091859468
61,3,5.2,0.8467325120728058
61,3,5.3,0.8432371238273132
61,3,5.4,0.8377720908274399
61,3,5.5,0.8303402136815418
61,3,5.6,0.8209533203650292
61,3,5.7,0.8096308831342005
61,3,5.8,0.7963988479115726
61,3,5.9,0.7812886474771071
61,3,6.0,0.7643363735142523
61,3,6.1,0.7455820867850135
61,3,6.2,0.7250692491015761
61,3,6.3,0.7028442653891147
61,3,6.4,0.6789561291249829
61,3,6.5,0.6534561702602062
61,3,6.6,0.6263979120929941
61,3,6.7,0.5978370537196468
61,3,6.8,0.5678316098020523
61,3,6.9,0.5364422632894583
61,3,7.0,0.5037330265102788
61,3,7.1,0.4697723753417045
61,3,7.2,0.4346351472859896
61,3,7.3,0.39840573458246015
61,3,7.4,0.36118358497222064
61,3,7.5,0.32309304350126933
61,3,7.6,0.284301877295622
61,3,7.7,0.24505844538308869
61,3,7.8,0.2057723290359851
61,3,7.9,0.16720588182018492
61,3,8.0,0.13097244460037058
61,3,8.1,0.10085806492636343
61,3,8.2,0.08511268758629714
61,3,8.3,0.09267308209149692
61,3,8.4,0.12005102525546128
61,3,8.5,0.15783586477538422
61,3,8.6,0.20068169922381018
61,3,8.7,0.24631229374928085
61,3,8.8,0.29371170179990636
61,3,8.9,0.3423726368671593
61,3,9.0,0.39201314625068256
61,3,9.1,0.44246182268255435
61,3,9.2,0.49360681699022674
61,3,9.3,0.5453712494792352
61,3,9.4,0.5977005262347768
61,3,9.5,0.650555447290855
61,3,9.6,0.703908324978175
61,3,9.7,0.7577407610022291
61,3,9.8,0.8120423881175847
61,3,9.9,0.866810202812151
61,3,10.0,0.9220482801444304
61,4,0.0,0.0
61,4,0.1,0.03379837533230623
61,4,0.2,0.07071042593285051
61,4,0.3,0.11116221459438246
61,4,0.4,0.15564243894442845
61,4,0.5,0.20470901842783068
61,4,0.6,0.2589943213497274
61,4,0.7,0.31920743143974545
61,4,0.8,0.3861309246544221
61,4,0.9,0.4606083012128651
61,4,1.0,0.5435164173975955
61,4,1.1,0.6357149950713314
61,4,1.2,0.7379627918092185
61,4,1.3,0.8507880175510809
61,4,1.4,0.9743007052078538
61,4,1.5,1.1079399830330636
61,4,1.6,1.2501641726777069
61,4,1.7,1.398121709244746
61,4,1.8,1.547388648305054
61,4,1.9,1.6919162664669982
61,4,2.0,1.824371865102653
61,4,2.1,1.9370257579964654
61,4,2.2,2.023184623116059
61,4,2.3,2.0788990991522747
61,4,2.4,2.104399185118046
61,4,2.5,2.1046389070749054
61,4,2.6,2.0885956134690655
61,4,2.7,2.0674708109430733
61,4,2.8,2.052390595204557
61,4,2.9,2.052361967365531
61,4,3.0,2.073068755992597
61,4,3.1,2.1167063854766335
61,4,3.2,2.1826436825009177
61,4,3.3,2.2684596288329715
61,4,3.4,2.370927774579245
61,4,3.5,2.4867195640022337
61,4,3.6,2.6127976723523467
61,4,3.7,2.7465757088291287
61,4,3.8,2.8859390595115055
61,4,3.9,3.029199300648061
61,4,4.0,3.1750258214999736
61,4,4.1,3.3223766746659815
61,4,4.2,3.4704377564399356
61,4,4.3,3.618572790202035
61,4,4.4,3.766283638004383
61,4,4.5,3.913179411316611
61,4,4.6,4.058952669206446
61,4,4.7,4.203361157864804
61,4,4.8,4.346213814274718
61,4,4.9,4.48736002523583
61,4,5.0,4.626681363873487
61,4,5.1,4.764085211462848
61,4,5.2,4.899499816592395
61,4,5.3,5.0328704535423485
61,4,5.4,5.164156424593984
61,4,5.5,5.293328713185297
61,4,5.6,5.42036814143386
61,4,5.7,5.545263920534261
61,4,5.8,5.66801250881788
61,4,5.9,5.7886167121017715
61,4,6.0,5.9070849759703385
61,4,6.1,6.02343083104642
61,4,6.2,6.137672461023048
61,4,6.3,6.249832369931325
61,4,6.4,6.359937130268646
61,4,6.5,6.468017197621745
61,4,6.6,6.574106780527288
61,4,6.7,6.678243756767202
61,4,6.8,6.7804696292150055
61,4,6.9,6.880829515877646
61,4,7.0,6.979372170003691
61,4,7.1,7.0761500271087066
61,4,7.2,7.171219276567739
61,4,7.3,7.264639956084294
61,4,7.4,7.356476067885005
61,4,7.5,7.446795715959938
61,4,7.6,7.535671264056296
61,4,7.7,7.623179514474281
61,4,7.8,7.709401908044647
61,4,7.9,7.79442474592129
61,4,8.0,7.87833943410984
61,4,8.1,7.9612427519047575
61,4,8.2,8.043237145654253
61,4,8.3,8.124431049531026
61,4,8.4,8.204939235253578
61,4,8.5,8.284883192969804
61,4,8.6,8.364391545817059
61,4,8.7,8.443600500986257
61,4,8.8,8.522654340458727
61,4,8.9,8.601705954981309
61,4,9.0,8.680917425240581
61,4,9.1,8.760460654705486
61,4,9.2,8.840518059098219
61,4,9.3,8.92128331807832
61,4,9.4,9.00296219538921
61,4,9.5,9.085773434479469
61,4,9.6,9.169949737493454
61,4,9.7,9.255738836516874
61,4,9.8,9.343404667109873
61,4,9.9,9.433228655477214
61,4,10.0,9.525511132130603
61,5,0.0,0.0
61,5,0.1,0.006379636420384642
61,5,0.2,0.013311438267781084
61,5,0.3,0.020858756571026208
61,5,0.4,0.029091230462673284
61,5,0.5,0.038083610348906644
61,5,0.6,0.04791319152520679
61,5,0.7,0.05865506009430954
61,5,0.8,0.0703739971447521
61,5,0.9,0.08311142364163168
61,5,1.0,0.09686521142310855
61,5,1.1,0.11155961066531443
61,5,1.2,0.12700215222142197
61,5,1.3,0.14282460137020356
61,5,1.4,0.15840664859086476
61,5,1.5,0.17278524951779456
61,5,1.6,0.18456091552013584
61,5,1.7,0.19182596632817317
61,5,1.8,0.19215784161596663
61,5,1.9,0.18273749804565162
61,5,2.0,0.16065895810094635
61,5,2.1,0.12350223646442572
61,5,2.2,0.07060033791210885
61,5,2.3,0.024969676586978757
61,5,2.4,0.09651902121266072
61,5,2.5,0.19504951491037414
61,5,2.6,0.30300723447030087
61,5,2.7,0.4155030488296745
61,5,2.8,0.5289517893856992
61,5,2.9,0.6409864733294472
61,5,3.0,0.7503992491562381
61,5,3.1,0.8568713135464743
61,5,3.2,0.9606184706884868
61,5,3.3,1.062076645472681
61,5,3.4,1.1616875840789491
61,5,3.5,1.259788052988771
61,5,3.6,1.3565762788568558
61,5,3.7,1.4521233989901483
61,5,3.8,1.5464041622435114
61,5,3.9,1.6393308210054265
61,5,4.0,1.7307823197548815
61,5,4.1,1.8206261798229526
61,5,4.2,1.9087332708815674
61,5,4.3,1.9949867924794482
61,5,4.4,2.0792870140741044
61,5,4.5,2.161553140761349
61,5,4.6,2.2417233642184566
61,5,4.7,2.3197538565039464
61,5,4.8,2.395617217303553
61,5,4.9,2.46930070142734
61,5,5.0,2.540804424800245
61,5,5.1,2.6101396612799737
61,5,5.2,2.6773272874385046
61,5,5.3,2.7423963983327053
61,5,5.4,2.805383097153899
61,5,5.5,2.866329450496988
61,5,5.6,2.9252825954425576
61,5,5.7,2.9822939824909747
61,5,5.8,3.037418738189084
61,5,5.9,3.0907151321669843
61,5,6.0,3.1422441346754035
61,5,6.1,3.192069052315358
61,5,6.2,3.240255231217966
61,5,6.3,3.286869818441066
61,5,6.4,3.331981573702978
61,5,6.5,3.375660724765662
61,5,6.6,3.417978860849783
61,5,6.7,3.4590088593477906
61,5,6.8,3.498824841900134
61,5,6.9,3.5375021565557137
61,5,7.0,3.5751173833126937
61,5,7.1,3.611748360823977
61,5,7.2,3.647474232471111
61,5,7.3,3.682375510370754
61,5,7.4,3.7165341561925005
61,5,7.5,3.750033677938007
61,5,7.6,3.782959242072841
61,5,7.7,3.8153978006225344
61,5,7.8,3.84743823302837
61,5,7.9,3.8791715027521896
61,5,8.0,3.9106908287796953
61,5,8.1,3.942091872331878
61,5,8.2,3.9734729392639605
61,5,8.3,4.0049351987852635
61,5,8.4,4.036582919292233
61,5,8.5,4.0685237222969635
61,5,8.6,4.100868855600061
61,5,8.7,4.133733487070881
61,5,8.8,4.167237020614803
61,5,8.9,4.201503436156153
61,5,9.0,4.2366616557376195
61,5,9.1,4.272845938158335
61,5,9.2,4.310196304925289
61,5,9.3,4.348859000701264
61,5,9.4,4.3889869918946145
61,5,9.5,4.430740507572193
61,5,9.6,4.474287627493128
61,5,9.7,4.519804922749009
61,5,9.8,4.567478155326209
61,5,9.9,4.61750304380414
61,5,10.0,4.670086103495783
61,6,0.0,0.0
61,6,0.1,0.02993959465245473
61,6,0.2,0.06038617055623996
61,6,0.3,0.09173900280020475
61,6,0.4,0.12442295077698924
61,6,0.5,0.15887877348141827
61,6,0.6,0.19554931647316406
61,6,0.7,0.2348605826760279
61,6,0.8,0.2771962554694465
61,6,0.9,0.3228636545725257
61,6,1.0,0.37204848319286754
61,6,1.1,0.42475531390312077
61,6,1.2,0.4807310122659195
61,6,1.3,0.5393699633440466
61,6,1.4,0.5996041728712567
61,6,1.5,0.6597894796445521
61,6,1.6,0.7176124239499956
61,6,1.7,0.7700603294025713
61,6,1.8,0.8135152726540856
61,6,1.9,0.8440391731779765
61,6,2.0,0.857893540999183
61,6,2.1,0.8522668624030897
61,6,2.2,0.8260725585829524
61,6,2.3,0.780585203264482
61,6,2.4,0.7196926036667735
61,6,2.5,0.6497088718865395
61,6,2.6,0.5789291694134829
61,6,2.7,0.5171351010925532
61,6,2.8,0.47473417012134433
61,6,2.9,0.46040935412137457
61,6,3.0,0.4773330144563431
61,6,3.1,0.5217644887164231
61,6,3.2,0.5863154797447823
61,6,3.3,0.6639257312074193
61,6,3.4,0.7494261077910377
61,6,3.5,0.8394152693613302
61,6,3.6,0.9317250337510337
61,6,3.7,1.024971779045728
61,6,3.8,1.1182612736632067
61,6,3.9,1.2110074286423447
61,6,4.0,1.3028221689530881
61,6,4.1,1.3934476882626148
61,6,4.2,1.4827139034282162
61,6,4.3,1.5705111171259614
61,6,4.4,1.6567720533120942
61,6,4.5,1.7414597982189772
61,6,4.6,1.8245595418827458
61,6,4.7,1.9060728142416064
61,6,4.8,1.986013389041869
61,6,4.9,2.0644043225038398
61,6,5.0,2.141275777334765
61,6,5.1,2.2166633995336573
61,6,5.2,2.2906070909554668
61,6,5.3,2.3631500700976837
61,6,5.4,2.4343381464295426
61,6,5.5,2.504219155662143
61,6,5.6,2.5728425183741477
61,6,5.7,2.6402588947484404
61,6,5.8,2.706519915384777
61,6,5.9,2.7716779732434547
61,6,6.0,2.8357860654407694
61,6,6.1,2.8988976762557654
61,6,6.2,2.9610666946796034
61,6,6.3,3.022347361311541
61,6,6.4,3.082794240522165
61,6,6.5,3.142462214681496
61,6,6.6,3.2014064979256265
61,6,6.7,3.259682667498054
61,6,6.8,3.317346711133177
61,6,6.9,3.374455089330673
61,6,7.0,3.4310648116762956
61,6,7.1,3.48723352662703
61,6,7.2,3.5430196244159675
61,6,7.3,3.5984823529372516
61,6,7.4,3.6536819466463233
61,6,7.5,3.7086797687022774
61,6,7.6,3.7635384667223977
61,6,7.7,3.8183221426806537
61,6,7.8,3.873096537641146
61,6,7.9,3.9279292321538213
61,6,8.0,3.9828898633109366
61,6,8.1,4.038050359613478
61,6,8.2,4.093485194963967
61,6,8.3,4.14927166328324
61,6,8.4,4.205490175438524
61,6,8.5,4.262224580372843
61,6,8.6,4.31956251255181
61,6,8.7,4.377595768094918
61,6,8.8,4.436420712217262
61,6,8.9,4.496138720921884
61,6,9.0,4.556856660209627
61,6,9.1,4.618687406447889
61,6,9.2,4.681750411961696
61,6,9.3,4.7461723203732475
61,6,9.4,4.812087636761468
61,6,9.5,4.879639458295694
61,6,9.6,4.948980271690599
61,6,9.7,5.020272824598098
61,6,9.8,5.09369107893132
61,6,9.9,5.169421255122517
61,6,10.0,5.2476629774741275
