t,obs_max_l1,lipschitz_l1,lognorm_l1,obs_max_l2,lipschitz_l2,lognorm_l2
0.0,1.000000000000082,1.0,1.0,0.0,0.0,0.0
0.1,1.1041913903628346,1.3568319313990747,1.1242649563488853,0.4211082701272092,1.235368627572875,1.1208110039726153
0.2,1.2235568151426666,1.8409928900641435,1.263971692074161,0.8254948947425523,2.911556228512404,2.3808995384292375
0.3,1.3593716776111089,2.4979179387176957,1.4210390792159833,1.2171664497615955,5.185861088482365,3.797572919615842
0.4,1.5131532333528297,3.3892548212667273,1.5976244383648177,1.5984289089414223,8.271710544225712,5.390289156676229
0.5,1.6866684780732777,4.598649165142959,1.7961531694601343,1.9706189466066089,12.458689621268737,7.180924207411087
0.6,1.8819250848439923,6.239594028567662,2.0193520646590097,2.3345116976661244,18.13971652910054,9.194072444562293
0.7,2.1011382999919532,8.466080416927594,2.270286760826893,2.690555583424434,25.84791524078408,11.457384459526931
0.8,2.3466616309986437,11.487048243479757,2.5524038460604994,3.03901050031648,36.30664538636554,14.001946843235059
0.9,2.6220968144233754,15.585993854274982,2.8695781985759345,3.380030106560663,50.49738440977651,16.862709160481693
1.0,2.9289990964519874,21.147574144070035,3.226166208161686,3.713710940556746,69.75183224689147,20.078963982205515
1.1,3.268772408268884,28.69370387030368,3.627065611193147,4.040121524780888,95.8768818937469,23.69488656895774
1.2,3.6420977297805672,38.93253364133723,4.077782761042606,4.359319282357388,131.3241834639864,27.76014161811367
1.3,4.047970558527045,52.82490481483508,4.584508257843804,4.671360020131584,179.42021411642008,32.33056540850007
1.4,4.482767828303773,71.6745176258849,5.154201976385867,4.976302904692975,244.67844427919044,37.46893271169471
1.5,4.939076407619826,97.25027418242648,5.7946886599947955,5.2742127457511225,333.2228947506279,43.2458190035254
1.6,5.404373500319162,131.95227734803137,6.5147653933844305,5.5651607130885274,453.3628324984582,49.7405698182429
1.7,5.859801974384388,179.03706332663572,7.324322430616574,5.849224182774832,616.3725362710109,57.04239055944814
1.8,6.290867377571441,242.9232044254975,8.234479037742304,6.126486137435991,837.5493074775145,65.25157173632664
1.9,6.658100935241898,329.60596064229986,9.257736215923163,6.397034374819268,1137.6490131342457,74.48086645381005
2.0,6.9215318517217685,447.2198921789394,10.40814840268435,6.660960671917573,1544.8338763727638,84.85703907649254
2.1,7.04527104500864,606.8022300652366,11.701516509616644,6.918359985476573,2097.3153007971505,96.52260633720117
2.2,7.0014158656568215,823.3286417966804,13.155604947899917,7.169329729039798,2846.939738961001,109.63779480434674
2.3,7.441865457705837,1117.1185912251663,14.790385622493874,7.413969142423712,3864.0541132188036,124.38274159386948
2.4,7.924078827874427,1515.7421757338554,16.628312246256257,7.652378755559724,5244.1073740967795,140.959968552559
2.5,8.287074291046162,2056.607383804004,18.694628741692927,7.884659941120957,7116.60770548744,159.5971638956556
2.6,8.48184304019802,2790.470568696386,21.017715966238026,8.110914546746574,9657.275946673639,180.55030950452783
2.7,8.467648213354753,3786.1995712365906,23.629481523335865,8.331244596413523,13104.53574340659,204.10719683785837
2.8,8.222885298864373,5137.236476903285,26.56579801337998,8.545752050560555,17781.88791144212,230.5913797473807
2.9,7.753449592788076,6970.366491010466,29.866995743885948,8.754538615323487,24128.26868743146,260.36661849009084
3.0,7.094493320016567,9457.615828557127,33.57841666627228,8.957705592321878,32739.240773111036,293.8418759754415
3.1,6.303866842181942,12832.395151091634,37.751037147571296,9.155353761609652,44422.88265934718,331.47693487097695
3.2,5.449479780814598,17411.40349733179,42.44216813083939,9.347583291536775,60275.621045624095,373.7887127173538
3.3,4.595592293012826,23624.34823565327,47.71624230097018,9.534493670320126,81785.12268824033,421.35836179085425
3.4,3.792795441639476,32054.270044625766,53.64569906763308,9.716183655040158,110969.90134542304,474.8392512300053
3.5,3.0738091675793817,43492.2571342371,60.31197952057797,9.892751234571769,150568.74093830277,534.9659410608122
3.6,2.454388513381027,59011.68324835204,67.80664502301744,10.064293603622216,204297.71094427162,602.5642713788468
3.7,1.9371667484673616,80068.93615697196,76.2326348069671,10.23090714560541,277198.89308955363,678.5627052631099
3.8,1.5162936465716457,108640.08929093335,85.70567984361534,10.392687422533664,376113.54486101185,764.0050812165841
3.9,1.1815066033144337,147406.3421799851,96.3558924082337,10.54972917048202,510324.102867747,860.0649502882618
4.0,0.9742630715531934,200005.63196054217,108.3295531723008,10.702126299473967,692425.2735021731,968.0616947970119
4.1,0.9330916875917916,271374.0279037146,121.79112036855098,10.849971896886029,939505.9565641127,1089.478650047963
4.2,0.9149788383440696,368208.94641214435,136.92548862483088,10.993358233654485,1274752.9169744507,1225.9834779431887
4.3,0.9091489818244056,499597.65591880755,153.9405284918452,11.132376772723804,1729626.6977636735,1379.4510723182257
4.4,0.90893560548384,677870.0524027664,173.0699415452088,11.267118179299286,2346813.968294718,1551.9893106092466
4.5,0.9106181211179034,919755.7324392364,194.5764702766282,11.397672332558372,3184233.364604272,1745.968005550013
4.6,0.912307152472682,1247953.9468609004,218.7555068620735,11.52412833855799,4320470.741490019,1964.0514545502076
4.7,0.9131554318362128,1693263.7640163745,245.93915037336748,11.64657454412682,5862153.896097724,2209.2350338208275
4.8,0.9128708122501852,2297474.3432984017,276.5007681589958,11.765098551588526,7953958.828369505,2484.8863398669723
4.9,0.9114372646001112,3117286.5505573982,310.86012404470716,11.879787234185452,10792186.554733967,2794.7914434264603
5.0,0.9089626594171673,4229633.931117149,349.4891437897313,11.990726752119002,14643184.562447427,3143.206891152056
5.1,0.9055992476371696,5738902.375868735,392.91839698717143,12.098002569126086,19868341.627067257,3534.918169280553
5.2,0.9015043154866944,7786725.994760732,441.74438443745686,12.20169946954294,26958001.578918993,3975.3054322870603
5.3,0.8968223986368329,10565278.470746571,496.6377310869425,12.301901575820017,36577478.58435254,4470.417399307669
5.4,0.8916786972593065,14335307.193232141,558.3523970616711,12.398692366450083,49629492.14868401,5027.05443329791
5.5,0.8861780443826845,19450602.546192225,627.736033309835,12.49215469430112,67338880.9218228,5652.861944019116
5.6,0.8804064107803344,26391198.619625676,705.7416240877037,12.582370805332593,91367545.09477748,6356.4353977428955
5.7,0.8744333779674737,35808420.99500345,793.440576198554,12.669422357688362,123970403.91350812,7147.438375981902
5.8,0.8683147977871423,48586009.01900156,892.0374347653014,12.753390441168866,168207003.81365675,8036.735304783611
5.9,0.8620952776371189,65923048.456224784,1002.8864276579837,12.834355597074804,228228635.09470418,9036.540677624069
6.0,0.8558103497729731,89446497.1605743,1127.5100658137922,12.912397838430556,309667900.99149084,10160.586821477918
6.1,0.8494882931118364,121363863.49926396,1267.6200549250714,12.987596670590566,420167297.4299509,11424.3125103319
6.2,0.8431516273327451,164670365.31376007,1425.1408057173078,13.060031112237612,570096406.9179786,12845.075016748298
6.3,0.8368183197169022,223430009.8128596,1602.2358657307836,13.129779716779447,773525010.1175601,14442.388514006649
6.4,0.8305027503228323,303156971.7468977,1801.3376356464387,13.196920594160206,1049543434.6986706,16238.192103277308
6.5,0.8242164789315575,411333059.4924367,2025.180778309647,13.26153143309396,1424054046.8247805,18257.151147179844
6.6,0.8179688520209669,558109829.5594137,2276.839779324896,13.323689523734606,1932202004.0053046,20526.99604854311
6.7,0.8117674820361457,757261237.9739081,2559.7711751161114,13.383471780804006,2621673378.18305,23078.90312749305
6.8,0.8056186254636957,1027476228.0937926,2877.8610284550487,13.440954767185875,3557170154.4530153,25947.922828215087
6.9,0.7995274810954152,1394112555.0311375,3235.4783035341748,13.49621471801272,4826482052.217001,29173.461136811464
7.0,0.7934984255617891,1891576430.6305983,3637.5348736906167,13.549327565257926,6548724966.007936,32799.82082252724
7.1,0.7875351996605172,2566551301.7614746,4089.552985987324,13.600368962861223,8885519145.06523,36876.80993629377
7.2,0.7816410561410488,3482378759.803833,4597.741109277495,13.64941431240628,12056156104.317684,41460.425924317446
7.3,0.7758188773190374,4725002698.527752,5169.07920752534,13.696538789377392,16358177573.505487,46613.62475301294
7.4,0.770071269095936,6411034537.309253,5811.4146096124105,13.74181737002203,22195297672.46386,52407.18560921341
7.5,0.7644006365264316,8698696373.52349,6533.569792401163,13.78532485884438,30115288610.141907,58920.68305231415
7.6,0.758809244975874,11802669001.14197,7345.463557456293,13.827135916771208,40861385210.77464,66243.57997086048
7.7,0.7532992700253162,16014238176.483511,8258.24726578593,13.867325090008151,55442032216.412544,74476.45635533736
7.8,0.7478728386190558,21728629714.882854,9284.45800178711,13.905966839635884,75225519654.1199,83732.3907643569
7.9,0.742532063404015,29482098622.699844,10438.190770102268,13.943135571976416,102068387124.03398,94138.5134586817
8.0,0.737279071815383,40002252815.93585,11735.29209051035,13.97890566977664,138489646837.52692,105837.75253537757
8.1,0.7321160311212124,54276333948.56034,13193.57764987902,14.013351524247623,187907174998.57285,118990.7970452542
8.2,0.7270451704117308,73643863020.68608,14833.077000626872,14.046547568013072,254958455178.29218,133778.30405700582
8.3,0.7220688003046791,99922344898.04678,16676.308666629462,14.078568309016502,345935773167.3233,150403.37998208188
8.4,0.7171893310002568,135577828217.94138,18748.58943514869,14.109488365443148,469376703247.88715,169094.37024128388
8.5,0.7124092891935766,183956326515.84082,21078.382082910623,14.139382501714804,636865298822.7946,190107.99558916333
8.6,0.707731334271034,249597817799.56723,23697.686312348607,14.16832566562728,864119173444.0168,213732.87817362847
8.7,0.7031582741336594,338662289197.98016,26642.478267522198,14.19639302669562,1172464487064.2493,240293.50576120013
8.8,0.6986930809568317,459507807944.52924,29953.204666461985,14.264367211830397,1590837254481.4526,270154.6885765404
8.9,0.6943389071312314,623474866546.331,33675.33833684913,14.338120755568273,2158498784540.9072,303726.569970955
9.0,0.6900991016269076,845950607354.8362,37860.00278531158,14.411361668564757,2928720074752.421,341470.259741396
9.1,0.685977226979357,1147812796445.4832,42564.67437879702,14.484152473935266,3973780915554.807,383904.1674736072
9.2,0.6819770770941319,1557389053485.6987,47853.97178248269,14.556556968268149,5391752834610.25,431611.1228978736
9.3,0.678102696054876,2113115197380.7861,53800.54349715381,14.628640279905978,7315702412211.927,485246.3810554763
9.4,0.6743583981225338,2867142174530.9004,60486.06568637386,14.700468929795369,9926178633503.584,545546.622226793
9.5,0.6707487890978994,3890230054264.507,68002.36399860696,14.772110895071432,13468156126710.14,613340.0702350915
9.6,0.6672787892472694,5278388358114.422,76452.67479251476,14.84363567553802,18274024289789.58,689557.8681008805
9.7,0.6639536579791806,7161885870614.785,85953.06308836218,14.91511436323843,24794779671550.047,775246.8672914712
9.8,0.6607790204877738,9717475438286.043,96634.01672109071,14.986619715305109,33642348790365.14,871584.0062260618
9.9,0.6577608965793708,13184980967252.682,108642.23859075436,15.05822623030586,45647013086033.555,979892.4755251328
10.0,0.6549057319315453,17889803191257.504,122142.66162687948,15.130010228310564,61935324928123.01,1101659.892033867
