t,lognorm_local_D
0.0,-0.064
0.0499999999999971,-0.064
0.1000000000000014,-0.064
0.1499999999999985,-0.064
0.2000000000000028,-0.064
0.25,-0.064
0.2999999999999971,-0.064
0.3500000000000014,-0.064
0.3999999999999986,-0.064
0.4500000000000028,-0.064
0.5,-0.064
0.5499999999999972,-0.064
0.6000000000000014,-0.064
0.6499999999999986,-0.064
0.7000000000000028,-0.064
0.75,-0.064
0.7999999999999972,-0.064
0.8500000000000014,-0.064
0.8999999999999986,-0.064
0.9500000000000028,-0.064
1.0,-0.064
1.0499999999999972,-0.064
1.1000000000000014,-0.064
1.1499999999999986,-0.064
1.2000000000000028,-0.064
1.25,-0.064
1.2999999999999972,-0.064
1.3500000000000014,-0.064
1.3999999999999986,-0.064
1.4500000000000028,-0.064
1.5,-0.064
1.5499999999999972,-0.064
1.6000000000000014,-0.064
1.6499999999999986,-0.064
1.7000000000000028,-0.064
1.75,-0.064
1.7999999999999972,-0.064
1.8500000000000016,-0.064
1.8999999999999984,-0.064
1.9500000000000028,-0.064
2.0,-0.064
2.049999999999997,-0.064
2.1000000000000014,-0.064
2.1499999999999986,-0.064
2.200000000000003,-0.064
2.25,-0.064
2.299999999999997,-0.064
2.3500000000000014,-0.064
2.3999999999999986,-0.064
2.450000000000003,-0.064
2.5,-0.064
2.549999999999997,-0.064
2.6000000000000014,-0.064
2.6499999999999986,-0.064
2.700000000000003,-0.064
2.75,-0.064
2.799999999999997,-0.064
2.8500000000000014,-0.064
2.8999999999999986,-0.064
2.950000000000003,-0.064
3.0,-0.064
3.049999999999997,-0.064
3.1000000000000014,-0.064
3.1499999999999986,-0.064
3.200000000000003,-0.064
3.25,-0.064
3.299999999999997,-0.064
3.3500000000000014,-0.064
3.3999999999999986,-0.064
3.450000000000003,-0.064
3.5,-0.064
3.549999999999997,-0.064
3.6000000000000014,-0.064
3.6499999999999986,-0.064
3.700000000000003,-0.064
3.75,-0.064
3.799999999999997,-0.064
3.8500000000000014,-0.064
3.8999999999999986,-0.064
3.950000000000003,-0.064
4.0,-0.064
4.049999999999997,-0.064
4.100000000000001,-0.064
4.149999999999999,-0.064
4.200000000000003,-0.064
4.25,-0.064
4.299999999999997,-0.064
4.350000000000001,-0.064
4.399999999999999,-0.064
4.450000000000003,-0.064
4.5,-0.064
4.549999999999997,-0.064
4.600000000000001,-0.064
4.649999999999999,-0.064
4.700000000000003,-0.064
4.75,-0.064
4.799999999999997,-0.064
4.850000000000001,-0.064
4.899999999999999,-0.064
4.950000000000003,-0.064
5.0,-0.064
5.049999999999997,-0.064
5.100000000000001,-0.064
5.149999999999999,-0.064
5.200000000000003,-0.064
5.25,-0.064
5.299999999999997,-0.064
5.350000000000001,-0.064
5.399999999999999,-0.064
5.450000000000003,-0.064
5.5,-0.064
5.549999999999997,-0.064
5.600000000000001,-0.064
5.649999999999999,-0.064
5.700000000000003,-0.064
5.75,-0.064
5.799999999999997,-0.064
5.850000000000001,-0.064
5.899999999999999,-0.064
5.950000000000003,-0.064
6.0,-0.064
6.049999999999997,-0.064
6.100000000000001,-0.064
6.149999999999999,-0.064
6.200000000000003,-0.064
6.25,-0.064
6.299999999999997,-0.064
6.350000000000001,-0.064
6.399999999999999,-0.064
6.450000000000003,-0.064
6.5,-0.064
6.549999999999997,-0.064
6.600000000000001,-0.064
6.649999999999999,-0.064
6.700000000000003,-0.064
6.75,-0.064
6.799999999999997,-0.064
6.850000000000001,-0.064
6.899999999999999,-0.064
6.950000000000003,-0.064
7.0,-0.064
7.049999999999997,-0.064
7.100000000000001,-0.064
7.149999999999999,-0.064
7.200000000000003,-0.064
7.25,-0.064
7.299999999999997,-0.064
7.350000000000001,-0.064
7.399999999999999,-0.064
7.450000000000003,-0.064
7.5,-0.064
7.549999999999997,-0.064
7.600000000000001,-0.064
7.649999999999999,-0.064
7.700000000000003,-0.064
7.75,-0.064
7.799999999999997,-0.064
7.850000000000001,-0.064
7.899999999999999,-0.064
7.950000000000003,-0.064
8.0,-0.064
8.049999999999997,-0.064
8.100000000000001,-0.064
8.149999999999999,-0.064
8.200000000000003,-0.064
8.25,-0.064
8.299999999999997,-0.064
8.350000000000001,-0.064
8.399999999999999,-0.064
8.450000000000003,-0.064
8.5,-0.064
8.549999999999997,-0.064
8.600000000000001,-0.064
8.649999999999999,-0.064
8.700000000000003,-0.064
8.75,-0.064
8.799999999999997,-0.064
8.850000000000001,-0.064
8.899999999999999,-0.064
8.950000000000003,-0.064
9.0,-0.064
9.049999999999995,-0.064
9.1,-0.064
9.15,-0.064
9.200000000000005,-0.064
9.25,-0.064
9.299999999999995,-0.064
9.35,-0.064
9.4,-0.064
9.450000000000005,-0.064
9.5,-0.064
9.549999999999995,-0.064
9.6,-0.064
9.65,-0.064
9.700000000000005,-0.064
9.75,-0.064
9.799999999999995,-0.064
9.85,-0.064
9.9,-0.064
9.950000000000005,-0.064
10.0,-0.064
10.049999999999995,-0.064
10.1,-0.064
10.15,-0.064
10.200000000000005,-0.064
10.25,-0.064
10.299999999999995,-0.064
10.35,-0.064
10.4,-0.064
10.450000000000005,-0.064
10.5,-0.064
10.549999999999995,-0.064
10.6,-0.064
10.65,-0.064
10.700000000000005,-0.064
10.75,-0.064
10.799999999999995,-0.064
10.85,-0.064
10.9,-0.064
10.950000000000005,-0.064
11.0,-0.064
11.049999999999995,-0.064
11.1,-0.064
11.15,-0.064
11.200000000000005,-0.064
11.25,-0.064
11.299999999999995,-0.064
11.35,-0.064
11.4,-0.064
11.450000000000005,-0.064
11.5,-0.064
11.549999999999995,-0.064
11.6,-0.064
11.65,-0.064
11.700000000000005,-0.064
11.75,-0.064
11.799999999999995,-0.064
11.85,-0.064
11.9,-0.064
11.950000000000005,-0.064
12.0,-0.064
12.049999999999995,-0.064
12.1,-0.064
12.15,-0.064
12.200000000000005,-0.064
12.25,-0.064
12.299999999999995,-0.064
12.35,-0.064
12.4,-0.064
12.450000000000005,-0.064
12.5,-0.064
12.549999999999995,-0.064
12.6,-0.064
12.65,-0.064
12.700000000000005,-0.064
12.75,-0.064
12.799999999999995,-0.064
12.85,-0.064
12.9,-0.064
12.950000000000005,-0.064
13.0,-0.064
13.049999999999995,-0.064
13.1,-0.064
13.15,-0.064
13.200000000000005,-0.064
13.25,-0.064
13.299999999999995,-0.064
13.35,-0.064
13.4,-0.064
13.450000000000005,-0.064
13.5,-0.064
13.549999999999995,-0.064
13.6,-0.064
13.65,-0.064
13.700000000000005,-0.064
13.75,-0.064
13.799999999999995,-0.064
13.85,-0.064
13.9,-0.064
13.950000000000005,-0.064
14.0,-0.064
14.049999999999995,-0.064
14.099999999999994,-0.064
14.150000000000006,-0.064
14.200000000000005,-0.064
14.25,-0.064
14.299999999999995,-0.064
14.349999999999994,-0.064
14.400000000000006,-0.064
14.450000000000005,-0.064
14.5,-0.064
14.549999999999995,-0.064
14.599999999999994,-0.064
14.650000000000006,-0.064
14.700000000000005,-0.064
14.75,-0.064
14.799999999999995,-0.064
14.849999999999994,-0.064
14.900000000000006,-0.064
14.950000000000005,-0.064
15.0,-0.064
15.049999999999995,-0.064
15.099999999999994,-0.064
15.150000000000006,-0.064
15.200000000000005,-0.064
15.25,-0.064
15.299999999999995,-0.064
15.349999999999994,-0.064
15.400000000000006,-0.064
15.450000000000005,-0.064
15.5,-0.064
15.549999999999995,-0.064
15.599999999999994,-0.064
15.650000000000006,-0.064
15.700000000000005,-0.064
15.75,-0.05898960262795239
15.799999999999995,-0.05175307045724198
15.849999999999994,-0.044504324131347195
15.900000000000006,-0.037242841838219354
15.950000000000005,-0.029968088961652928
16.0,-0.02267951769354215
16.049999999999997,-0.015376566633786615
16.099999999999994,-0.008058660377508797
16.150000000000006,-0.0007252090892311269
16.200000000000003,0.006624391936326579
16.25,0.013990762727157602
16.299999999999997,0.02137453910094478
16.349999999999994,0.02877637314640702
16.400000000000006,0.03619693371935184
16.450000000000003,0.04363690695373079
16.5,0.05109699678799051
16.549999999999997,0.05857792550699781
16.599999999999994,0.06608043429977495
16.650000000000006,0.07360528383327603
16.700000000000003,0.08115325484238345
16.75,0.0887251487362739
16.799999999999997,0.0963217882212527
16.849999999999994,0.103944017940097
16.900000000000006,0.11159270512789221
16.950000000000003,0.11926874028426437
17.0,0.12697303786183145
17.049999999999997,0.13470653697058865
17.099999999999994,0.14247020209784678
17.150000000000006,0.1502650238431914
17.200000000000003,0.15809201966780084
17.25,0.16595223465728193
17.299999999999997,0.1738467422969907
17.349999999999994,0.18177664525859094
17.400000000000006,0.18974307619634723
17.450000000000003,0.19774719855137057
17.5,0.20579020736171227
17.549999999999997,0.21387333007583864
17.599999999999994,0.22199782736660012
17.650000000000006,0.2301649939423538
17.700000000000003,0.23837615935135437
17.75,0.24663268877494116
17.799999999999997,0.25493598380436855
17.849999999999994,0.26328748319535833
17.900000000000006,0.2716886635935938
17.950000000000003,0.2801410402233918
18.0,0.2886461675306864
18.049999999999997,0.2972056397702074
18.09999999999999,0.30582109152532433
18.15000000000001,0.31449419814743274
18.200000000000003,0.32322667609995104
18.25,0.332020283189961
18.299999999999997,0.34087681866821495
18.34999999999999,0.3497981231756281
18.40000000000001,0.3587860785114163
18.450000000000003,0.3678426071947134
18.5,0.3769696717877128
18.549999999999997,0.3861692739441063
18.59999999999999,0.39544345314175144
18.65000000000001,0.40479428505300685
18.700000000000003,0.4142238794999654
18.75,0.42373437793476343
18.799999999999997,0.43332795037715377
18.84999999999999,0.44300679173246904
18.90000000000001,0.45277311740281057
18.950000000000003,0.4626291580926263
19.0,0.4725771536965727
19.049999999999997,0.4826193461424936
19.09999999999999,0.49275797104521935
19.15000000000001,0.502995248007426
19.200000000000003,0.5133333693816406
19.25,0.5237744872822857
19.299999999999997,0.5343206986079836
19.34999999999999,0.5449740278016817
19.40000000000001,0.5557364070389861
19.450000000000003,0.5666096534927367
19.5,0.5775954432736031
19.549999999999997,0.5886952815915049
19.59999999999999,0.5999104686200006
19.65000000000001,0.6112420604744033
19.700000000000003,0.622690824633018
19.75,0.6342571890382223
19.799999999999997,0.6459411840085518
19.84999999999999,0.6577423759727719
19.90000000000001,0.669659791900195
19.950000000000003,0.6816918331460398
20.0,0.6938361772540618
20.049999999999997,0.7060896660583805
20.09999999999999,0.7184481781995409
20.15000000000001,0.7309064839133486
20.200000000000003,0.7434580796616835
20.25,0.7560949998490903
20.299999999999997,0.7688076025041872
20.34999999999999,0.7815843253978532
20.40000000000001,0.7944114086181601
20.450000000000003,0.8072725791234474
20.5,0.8201486922494066
20.549999999999997,0.8330173245552648
20.59999999999999,0.8458523117628071
20.65000000000001,0.8586232248790251
20.700000000000003,0.87129477691356
20.75,0.883826151928933
20.799999999999997,0.8961702475290694
20.84999999999999,0.9082728213488862
20.90000000000001,0.9200715317234014
20.950000000000003,0.9314948625832092
21.0,0.9424609228714701
21.049999999999997,0.9528761115749386
21.09999999999999,0.9626336410295752
21.15000000000001,0.9716119137859571
21.200000000000003,0.9796727523643942
21.25,0.9866594871479373
21.299999999999997,0.9923949160079876
21.34999999999999,0.9966791606934078
21.40000000000001,0.9992874603036014
21.450000000000003,0.9999679621529125
21.5,0.9984395958917625
21.549999999999997,0.9943901486902126
21.59999999999999,0.9874746982068807
21.65000000000001,0.9773146061036933
21.700000000000003,0.9634973273783972
21.75,0.9455773478783976
21.799999999999997,0.9230786203134742
21.84999999999999,0.8954989216947122
21.90000000000001,0.8623165930316912
21.950000000000003,0.8230001323063755
22.0,0.7770210774905673
22.049999999999997,0.7238705180405876
22.09999999999999,0.6630793904184051
22.15000000000001,0.5942424283312617
22.200000000000003,0.5170452430682191
22.25,0.4312935116048807
22.299999999999997,0.33694268278644157
22.34999999999999,0.2341260385818329
22.40000000000001,0.12317846375693253
22.450000000000003,0.004653002754310909
22.5,-0.064
22.549999999999997,-0.064
22.59999999999999,-0.064
22.65000000000001,-0.064
22.700000000000003,-0.064
22.75,-0.064
22.799999999999997,-0.064
22.84999999999999,-0.064
22.90000000000001,-0.064
22.950000000000003,-0.064
23.0,-0.064
23.049999999999997,-0.064
23.09999999999999,-0.064
23.15000000000001,-0.064
23.200000000000003,-0.064
23.25,-0.064
23.299999999999997,-0.064
23.34999999999999,-0.064
23.40000000000001,-0.064
23.450000000000003,-0.064
23.5,-0.064
23.549999999999997,-0.064
23.59999999999999,-0.064
23.65000000000001,-0.064
23.700000000000003,-0.064
23.75,-0.064
23.799999999999997,-0.064
23.84999999999999,-0.064
23.90000000000001,-0.064
23.950000000000003,-0.064
24.0,-0.064
24.049999999999997,-0.064
24.09999999999999,-0.064
24.15000000000001,-0.064
24.200000000000003,-0.064
24.25,-0.064
24.299999999999997,-0.064
24.34999999999999,-0.064
24.40000000000001,-0.064
24.450000000000003,-0.064
24.5,-0.064
24.549999999999997,-0.064
24.59999999999999,-0.064
24.65000000000001,-0.064
24.700000000000003,-0.064
24.75,-0.064
24.799999999999997,-0.064
24.84999999999999,-0.064
24.90000000000001,-0.064
24.950000000000003,-0.064
25.0,-0.064
25.049999999999997,-0.064
25.09999999999999,-0.064
25.15000000000001,-0.064
25.200000000000003,-0.064
25.25,-0.064
25.299999999999997,-0.064
25.34999999999999,-0.064
25.40000000000001,-0.064
25.450000000000003,-0.064
25.5,-0.064
25.549999999999997,-0.064
25.59999999999999,-0.064
25.65000000000001,-0.064
25.700000000000003,-0.064
25.75,-0.064
25.799999999999997,-0.064
25.84999999999999,-0.064
25.90000000000001,-0.064
25.950000000000003,-0.064
26.0,-0.064
26.049999999999997,-0.064
26.09999999999999,-0.064
26.15000000000001,-0.064
26.200000000000003,-0.064
26.25,-0.064
26.299999999999997,-0.064
26.34999999999999,-0.064
26.40000000000001,-0.064
26.450000000000003,-0.064
26.5,-0.064
26.549999999999997,-0.064
26.59999999999999,-0.064
26.65000000000001,-0.064
26.700000000000003,-0.064
26.75,-0.064
26.799999999999997,-0.064
26.84999999999999,-0.064
26.90000000000001,-0.064
26.950000000000003,-0.064
27.0,-0.064
27.049999999999997,-0.064
27.09999999999999,-0.064
27.15000000000001,-0.064
27.200000000000003,-0.064
27.25,-0.064
27.299999999999997,-0.064
27.34999999999999,-0.064
27.40000000000001,-0.064
27.450000000000003,-0.064
27.5,-0.064
27.549999999999997,-0.064
27.59999999999999,-0.064
27.65000000000001,-0.064
27.700000000000003,-0.064
27.75,-0.064
27.799999999999997,-0.064
27.84999999999999,-0.064
27.90000000000001,-0.064
27.950000000000003,-0.064
28.0,-0.064
28.049999999999997,-0.064
28.09999999999999,-0.064
28.15000000000001,-0.064
28.200000000000003,-0.064
28.25,-0.064
28.299999999999997,-0.064
28.34999999999999,-0.064
28.40000000000001,-0.064
28.450000000000003,-0.064
28.5,-0.064
28.549999999999997,-0.064
28.59999999999999,-0.064
28.65000000000001,-0.064
28.700000000000003,-0.064
28.75,-0.064
28.799999999999997,-0.064
28.84999999999999,-0.064
28.90000000000001,-0.064
28.950000000000003,-0.064
29.0,-0.064
29.049999999999997,-0.064
29.09999999999999,-0.064
29.15000000000001,-0.064
29.200000000000003,-0.064
29.25,-0.064
29.299999999999997,-0.064
29.34999999999999,-0.064
29.40000000000001,-0.064
29.450000000000003,-0.064
29.5,-0.064
29.549999999999997,-0.064
29.59999999999999,-0.064
29.65000000000001,-0.064
29.700000000000003,-0.064
29.75,-0.064
29.799999999999997,-0.064
29.84999999999999,-0.064
29.90000000000001,-0.064
29.950000000000003,-0.064
30.0,-0.064
30.049999999999997,-0.064
30.09999999999999,-0.064
30.15000000000001,-0.064
30.200000000000003,-0.064
30.25,-0.064
30.299999999999997,-0.064
30.34999999999999,-0.064
30.40000000000001,-0.064
30.450000000000003,-0.064
30.5,-0.064
30.549999999999997,-0.064
30.59999999999999,-0.064
30.65000000000001,-0.064
30.700000000000003,-0.064
30.75,-0.064
30.799999999999997,-0.064
30.84999999999999,-0.064
30.90000000000001,-0.064
30.950000000000003,-0.064
31.0,-0.064
31.049999999999997,-0.064
31.09999999999999,-0.064
31.15000000000001,-0.064
31.200000000000003,-0.064
31.25,-0.064
31.299999999999997,-0.064
31.34999999999999,-0.064
31.40000000000001,-0.064
31.450000000000003,-0.064
31.5,-0.064
31.549999999999997,-0.064
31.59999999999999,-0.064
31.65000000000001,-0.064
31.700000000000003,-0.064
31.75,-0.064
31.799999999999997,-0.064
31.84999999999999,-0.064
31.90000000000001,-0.064
31.950000000000003,-0.064
32.0,-0.064
32.05,-0.064
32.099999999999994,-0.064
32.150000000000006,-0.064
32.2,-0.064
32.25,-0.064
32.3,-0.064
32.349999999999994,-0.064
32.400000000000006,-0.064
32.45,-0.064
32.5,-0.064
32.55,-0.064
32.599999999999994,-0.064
32.650000000000006,-0.064
32.7,-0.064
32.75,-0.064
32.8,-0.064
32.849999999999994,-0.064
32.900000000000006,-0.064
32.95,-0.064
33.0,-0.064
33.05,-0.064
33.099999999999994,-0.064
33.150000000000006,-0.05887154570785458
33.2,-0.042657393705797686
33.25,-0.026334989896906524
33.3,-0.009901189570211688
33.349999999999994,0.006647220473804394
33.400000000000006,0.023313519860898912
33.45,0.040101051875837346
33.5,0.05701321987483832
33.55,0.07405348274500634
33.599999999999994,0.09122534925817138
33.650000000000006,0.10853237114367087
33.7,0.12597813467821595
33.75,0.143566250560619
33.8,0.16130034180411335
33.849999999999994,0.1791840293385828
33.900000000000006,0.1972209149683789
33.95,0.21541456127753678
34.0,0.23376846801197737
34.05,0.2522860443963546
34.099999999999994,0.2709705767600207
34.150000000000006,0.28982519075036417
34.2,0.30885280730039244
34.25,0.32805609138850367
34.3,0.34743739247908045
34.349999999999994,0.36699867535959707
34.400000000000006,0.3867414398896244
34.45,0.406666627945078
34.5,0.42677451557234325
34.55,0.44706458805578586
34.599999999999994,0.46753539524214605
34.650000000000006,0.48818438404898745
34.7,0.5090077046034556
34.75,0.5299999859027389
34.8,0.5511540762485821
34.849999999999994,0.572460742973776
34.900000000000006,0.5939083251368034
34.95,0.6154823318994143
35.0,0.6371649782085613
35.05,0.658934648167514
35.099999999999994,0.6807652750919417
35.150000000000006,0.7026256257002674
35.2,0.7244784741853502
35.25,0.7462796500689718
35.3,0.7679769417801557
35.349999999999994,0.7895088358751305
35.400000000000006,0.8108030698167322
35.45,0.8317749743878728
35.5,0.8523255803272165
35.55,0.8723394629353974
35.599999999999994,0.8916822986182986
35.650000000000006,0.9101981091815596
35.7,0.9277061739468756
35.75,0.9439975974686073
35.8,0.9588315331566376
35.849999999999994,0.9719310822126926
35.900000000000006,0.9829789151529548
35.95,0.9916127024631398
36.0,0.9974204946599647
36.05,0.9999362634961083
36.099999999999994,0.99863590839611
36.150000000000006,0.9929341478101372
36.2,0.9821828545120876
36.25,0.965671553936672
36.3,0.9426309766610445
36.349999999999994,0.9122407226449072
36.400000000000006,0.8736422265274397
36.45,0.8259582661134582
36.5,0.7683201703557793
36.55,0.6999035858760938
36.599999999999994,0.6199730760917728
36.650000000000006,0.5279348934518235
36.7,0.42339596711411653
36.75,0.3062255517660706
36.8,0.1766142723261872
36.849999999999994,0.0351237932291677
36.900000000000006,-0.064
36.95,-0.064
37.0,-0.064
37.05,-0.064
37.099999999999994,-0.064
37.150000000000006,-0.064
37.2,-0.064
37.25,-0.064
37.3,-0.064
37.349999999999994,-0.064
37.400000000000006,-0.064
37.45,-0.064
37.5,-0.064
37.55,-0.064
37.599999999999994,-0.064
37.650000000000006,-0.064
37.7,-0.064
37.75,-0.064
37.8,-0.064
37.849999999999994,-0.064
37.900000000000006,-0.064
37.95,-0.064
38.0,-0.064
38.05,-0.064
38.099999999999994,-0.064
38.150000000000006,-0.064
38.2,-0.064
38.25,-0.064
38.3,-0.064
38.349999999999994,-0.064
38.400000000000006,-0.064
38.45,-0.064
38.5,-0.064
38.55,-0.064
38.599999999999994,-0.064
38.650000000000006,-0.064
38.7,-0.064
38.75,-0.064
38.8,-0.064
38.849999999999994,-0.064
38.900000000000006,-0.064
38.95,-0.064
39.0,-0.064
39.05,-0.064
39.099999999999994,-0.064
39.150000000000006,-0.064
39.2,-0.064
39.25,-0.064
39.3,-0.064
39.349999999999994,-0.064
39.400000000000006,-0.064
39.45,-0.064
39.5,-0.064
39.55,-0.064
39.599999999999994,-0.064
39.650000000000006,-0.064
39.7,-0.064
39.75,-0.064
39.8,-0.064
39.849999999999994,-0.064
39.900000000000006,-0.064
39.95,-0.064
40.0,-0.064
40.05,-0.064
40.099999999999994,-0.064
40.150000000000006,-0.064
40.2,-0.064
40.25,-0.064
40.3,-0.064
40.349999999999994,-0.064
40.400000000000006,-0.064
40.45,-0.064
40.5,-0.064
40.55,-0.064
40.599999999999994,-0.064
40.650000000000006,-0.064
40.7,-0.064
40.75,-0.064
40.8,-0.064
40.849999999999994,-0.064
40.900000000000006,-0.064
40.95,-0.064
41.0,-0.064
41.05,-0.064
41.099999999999994,-0.064
41.150000000000006,-0.064
41.2,-0.064
41.25,-0.064
41.3,-0.064
41.349999999999994,-0.064
41.400000000000006,-0.064
41.45,-0.064
41.5,-0.064
41.55,-0.064
41.599999999999994,-0.064
41.650000000000006,-0.064
41.7,-0.064
41.75,-0.064
41.8,-0.064
41.849999999999994,-0.064
41.900000000000006,-0.064
41.95,-0.064
42.0,-0.064
42.05,-0.064
42.099999999999994,-0.064
42.150000000000006,-0.064
42.2,-0.064
42.25,-0.064
42.3,-0.064
42.349999999999994,-0.064
42.400000000000006,-0.064
42.45,-0.064
42.5,-0.064
42.55,-0.064
42.599999999999994,-0.064
42.650000000000006,-0.064
42.7,-0.064
42.75,-0.064
42.8,-0.064
42.849999999999994,-0.064
42.900000000000006,-0.064
42.95,-0.064
43.0,-0.064
43.05,-0.064
43.099999999999994,-0.064
43.150000000000006,-0.064
43.2,-0.064
43.25,-0.064
43.3,-0.064
43.349999999999994,-0.064
43.400000000000006,-0.064
43.45,-0.064
43.5,-0.064
43.55,-0.064
43.599999999999994,-0.064
43.650000000000006,-0.064
43.7,-0.064
43.75,-0.064
43.8,-0.064
43.849999999999994,-0.064
43.900000000000006,-0.064
43.95,-0.064
44.0,-0.064
44.05,-0.064
44.099999999999994,-0.064
44.150000000000006,-0.064
44.2,-0.064
44.25,-0.064
44.3,-0.064
44.349999999999994,-0.064
44.400000000000006,-0.064
44.45,-0.064
44.5,-0.064
44.55,-0.064
44.599999999999994,-0.064
44.650000000000006,-0.064
44.7,-0.064
44.75,-0.064
44.8,-0.064
44.849999999999994,-0.064
44.900000000000006,-0.064
44.95,-0.064
45.0,-0.064
45.05,-0.064
45.099999999999994,-0.064
45.150000000000006,-0.064
45.2,-0.064
45.25,-0.064
45.3,-0.064
45.349999999999994,-0.064
45.400000000000006,-0.064
45.45,-0.064
45.5,-0.064
45.55,-0.064
45.599999999999994,-0.064
45.650000000000006,-0.064
45.7,-0.064
45.75,-0.064
45.8,-0.064
45.849999999999994,-0.064
45.900000000000006,-0.064
45.95,-0.064
46.0,-0.064
46.05,-0.064
46.099999999999994,-0.064
46.150000000000006,-0.064
46.2,-0.064
46.25,-0.064
46.3,-0.064
46.349999999999994,-0.064
46.400000000000006,-0.064
46.45,-0.064
46.5,-0.064
46.55,-0.064
46.599999999999994,-0.064
46.650000000000006,-0.064
46.7,-0.064
46.75,-0.064
46.8,-0.064
46.849999999999994,-0.064
46.900000000000006,-0.064
46.95,-0.064
47.0,-0.064
47.05,-0.064
47.099999999999994,-0.064
47.150000000000006,-0.064
47.2,-0.064
47.25,-0.064
47.3,-0.064
47.349999999999994,-0.064
47.400000000000006,-0.064
47.45,-0.064
47.5,-0.064
47.55,-0.064
47.599999999999994,-0.064
47.650000000000006,-0.064
47.7,-0.064
47.75,-0.064
47.8,-0.064
47.849999999999994,-0.064
47.900000000000006,-0.064
47.95,-0.064
48.0,-0.064
48.05,-0.064
48.099999999999994,-0.064
48.150000000000006,-0.064
48.2,-0.064
48.25,-0.064
48.3,-0.064
48.349999999999994,-0.064
48.400000000000006,-0.064
48.45,-0.064
48.5,-0.064
48.55,-0.064
48.599999999999994,-0.064
48.650000000000006,-0.064
48.7,-0.064
48.75,-0.064
48.8,-0.064
48.849999999999994,-0.064
48.900000000000006,-0.064
48.95,-0.064
49.0,-0.064
49.05,-0.064
49.099999999999994,-0.064
49.150000000000006,-0.064
49.2,-0.064
49.25,-0.064
49.3,-0.064
49.349999999999994,-0.064
49.400000000000006,-0.064
49.45,-0.064
49.5,-0.064
49.55,-0.064
49.599999999999994,-0.064
49.650000000000006,-0.064
49.7,-0.064
49.75,-0.064
49.8,-0.064
49.849999999999994,-0.064
49.900000000000006,-0.064
49.95,-0.064
50.0,-0.064
50.05,-0.064
50.099999999999994,-0.064
50.150000000000006,-0.064
50.2,-0.064
50.25,-0.064
50.3,-0.064
50.349999999999994,-0.064
50.400000000000006,-0.064
50.45,-0.064
50.5,-0.064
50.55,-0.064
50.599999999999994,-0.064
50.650000000000006,-0.064
50.7,-0.064
50.75,-0.064
50.8,-0.064
50.849999999999994,-0.064
50.900000000000006,-0.064
50.95,-0.064
51.0,-0.064
51.05,-0.064
51.099999999999994,-0.064
51.150000000000006,-0.064
51.2,-0.064
51.25,-0.064
51.3,-0.064
51.349999999999994,-0.064
51.400000000000006,-0.064
51.45,-0.064
51.5,-0.064
51.55,-0.064
51.599999999999994,-0.064
51.650000000000006,-0.064
51.7,-0.064
51.75,-0.064
51.8,-0.064
51.849999999999994,-0.064
51.900000000000006,-0.064
51.95,-0.064
52.0,-0.064
52.05,-0.064
52.099999999999994,-0.064
52.150000000000006,-0.064
52.2,-0.064
52.25,-0.064
52.3,-0.064
52.349999999999994,-0.064
52.400000000000006,-0.064
52.45,-0.064
52.5,-0.064
52.55,-0.064
52.599999999999994,-0.064
52.650000000000006,-0.064
52.7,-0.064
52.75,-0.064
52.8,-0.064
52.849999999999994,-0.064
52.900000000000006,-0.064
52.95,-0.064
53.0,-0.064
53.05,-0.064
53.099999999999994,-0.064
53.150000000000006,-0.064
53.2,-0.064
53.25,-0.064
53.3,-0.064
53.349999999999994,-0.064
53.400000000000006,-0.064
53.45,-0.064
53.5,-0.064
53.55,-0.064
53.599999999999994,-0.064
53.650000000000006,-0.064
53.7,-0.064
53.75,-0.064
53.8,-0.064
53.849999999999994,-0.064
53.900000000000006,-0.064
53.95,-0.064
54.0,-0.064
54.05,-0.064
54.099999999999994,-0.064
54.150000000000006,-0.064
54.2,-0.064
54.25,-0.064
54.3,-0.064
54.349999999999994,-0.064
54.400000000000006,-0.064
54.45,-0.064
54.5,-0.064
54.55,-0.064
54.599999999999994,-0.064
54.650000000000006,-0.064
54.7,-0.064
54.75,-0.064
54.8,-0.064
54.849999999999994,-0.064
54.900000000000006,-0.064
54.95,-0.064
55.0,-0.064
55.05,-0.064
55.099999999999994,-0.064
55.150000000000006,-0.064
55.2,-0.06251891418568101
55.25,-0.055288160332258585
55.3,-0.048045442585342935
55.349999999999994,-0.04079024524789032
55.400000000000006,-0.033522040003648
55.45,-0.026240285535321428
55.5,-0.01894442713055078
55.55,-0.01163389627536815
55.599999999999994,-0.0043081102347857225
55.650000000000006,0.0030335283798329504
55.7,0.010391632056946154
55.75,0.017766828844900107
55.8,0.025159762826219567
55.849999999999994,0.032571094606439255
55.900000000000006,0.040001501817796714
55.95,0.04745167963807806
56.0,0.054922341324907364
56.05,0.0624142187657315
56.099999999999994,0.06992806304373833
56.150000000000006,0.0774646450199119
56.2,0.08502475593138936
56.25,0.09260920800624706
56.3,0.10021883509477647
56.349999999999994,0.10785449331727848
56.400000000000006,0.11551706172830467
56.45,0.1232074429972152
56.5,0.13092656410482806
56.55,0.13867537705581867
56.599999999999994,0.14645485960641846
56.650000000000006,0.1542660160068141
56.7,0.16210987775749908
56.75,0.16998750437864318
56.8,0.1778999841913298
56.849999999999994,0.18584843510930293
56.900000000000006,0.19383400543957197
56.95,0.20185787468993377
57.0,0.2099212543811282
57.05,0.21802538886095635
57.099999999999994,0.2261715561172435
57.150000000000006,0.23436106858603467
57.2,0.24259527395085423
57.25,0.2508755559282134
57.3,0.259203335033831
57.349999999999994,0.26758006932322365
57.400000000000006,0.27600725509939483
57.45,0.28448642757930975
57.5,0.293019161509673
57.55,0.3016070717211875
57.599999999999994,0.31025181360897724
57.650000000000006,0.3189550835251499
57.7,0.32771861906756017
57.75,0.3365441992466568
57.8,0.3454336445098487
57.849999999999994,0.3543888166000351
57.900000000000006,0.3634116182218152
57.95,0.37250399248532373
58.0,0.38166792209362477
58.05,0.3909054282350307
58.099999999999994,0.4002185691365526
58.150000000000006,0.409609438228846
58.2,0.41908016186637576
58.25,0.42863289653902326
58.3,0.4382698255028269
58.349999999999994,0.44799315474787715
58.400000000000006,0.45780510821041887
58.45,0.46770792212374157
58.5,0.47770383838828734
58.55,0.48779509682532207
58.599999999999994,0.49798392616021925
58.650000000000006,0.508272533560624
58.7,0.5186630925310951
58.75,0.529157728938911
58.8,0.539758504915079
58.849999999999994,0.5504674003396923
58.900000000000006,0.5612862915810357
58.95,0.5722169271125742
59.0,0.5832608995803625
59.05,0.594419613834646
59.099999999999994,0.6056942503724302
59.150000000000006,0.6170857235614703
59.2,0.628594633929164
59.25,0.6402212137007668
59.3,0.6519652646585394
59.349999999999994,0.6638260872650463
59.400000000000006,0.6758023998477998
59.45,0.6878922464764936
59.5,0.7000928919756977
59.55,0.7124007023023509
59.599999999999994,0.724811008275738
59.650000000000006,0.7373179503747408
59.7,0.7499143020097749
59.75,0.7625912683316769
59.8,0.775338257253742
59.849999999999994,0.7881426189333282
59.900000000000006,0.8009893494837592
59.95,0.8138607541645907
60.0,0.826736064729248
60.05,0.8395910049966849
60.099999999999994,0.8523972980647412
60.150000000000006,0.8651221079090745
60.2,0.8777274074317098
60.25,0.8901692643657817
60.3,0.9023970358492449
60.349999999999994,0.9143524620086221
60.400000000000006,0.9259686486251908
60.45,0.9371689290004981
60.5,0.9478655956431842
60.55,0.957958493559374
60.599999999999994,0.9673334689973071
60.650000000000006,0.9758606707973924
60.7,0.9833927064394602
60.75,0.9897626619638283
60.8,0.9947820047809645
60.849999999999994,0.998238401691241
60.900000000000006,0.9998935020205485
60.95,0.999480758507186
61.0,0.9967033873071356
61.05,0.9912326039427061
61.099999999999994,0.9827063146027754
61.150000000000006,0.9707284917002053
61.2,0.9548695177837507
61.25,0.9346678400396609
61.3,0.9096333337968179
61.349999999999994,0.8792528199257568
61.400000000000006,0.8429982066086341
61.45,0.8003377157089239
61.5,0.750750589501609
61.55,0.693745534406164
61.599999999999994,0.6288829250759806
61.650000000000006,0.5558004510312219
61.7,0.4742414379361516
61.75,0.38408453633738404
61.8,0.28537289023579626
61.849999999999994,0.17834035666673032
61.900000000000006,0.0634319550331156
61.95,-0.05868439407266757
62.0,-0.064
62.05,-0.064
62.099999999999994,-0.064
62.150000000000006,-0.064
62.2,-0.064
62.25,-0.064
62.3,-0.064
62.349999999999994,-0.064
62.400000000000006,-0.064
62.45,-0.064
62.5,-0.064
62.55,-0.064
62.599999999999994,-0.064
62.650000000000006,-0.064
62.7,-0.064
62.75,-0.064
62.8,-0.064
62.849999999999994,-0.064
62.900000000000006,-0.064
62.95,-0.064
63.0,-0.064
63.05,-0.064
63.099999999999994,-0.064
63.150000000000006,-0.064
63.2,-0.064
63.25,-0.064
63.3,-0.064
63.349999999999994,-0.064
63.400000000000006,-0.064
63.45,-0.064
63.5,-0.064
63.55,-0.064
63.599999999999994,-0.064
63.650000000000006,-0.064
63.7,-0.064
63.75,-0.064
63.8,-0.064
63.849999999999994,-0.064
63.900000000000006,-0.064
63.95,-0.064
64.0,-0.064
64.05,-0.064
64.1,-0.064
64.15,-0.064
64.2,-0.064
64.25,-0.064
64.3,-0.064
64.35,-0.064
64.4,-0.064
64.45,-0.064
64.5,-0.064
64.55,-0.064
64.6,-0.064
64.65,-0.064
64.7,-0.064
64.75,-0.064
64.8,-0.064
64.85,-0.064
64.9,-0.064
64.95,-0.064
65.0,-0.064
65.05,-0.064
65.1,-0.064
65.15,-0.064
65.2,-0.064
65.25,-0.064
65.3,-0.064
65.35,-0.064
65.4,-0.064
65.45,-0.064
65.5,-0.064
65.55,-0.064
65.6,-0.064
65.65,-0.064
65.7,-0.064
65.75,-0.064
65.8,-0.064
65.85,-0.064
65.9,-0.064
65.95,-0.064
66.0,-0.064
66.05,-0.064
66.1,-0.064
66.15,-0.064
66.2,-0.064
66.25,-0.064
66.3,-0.064
66.35,-0.064
66.4,-0.064
66.45,-0.064
66.5,-0.064
66.55,-0.064
66.6,-0.064
66.65,-0.064
66.7,-0.064
66.75,-0.064
66.8,-0.064
66.85,-0.064
66.9,-0.064
66.95,-0.064
67.0,-0.064
67.05,-0.064
67.1,-0.064
67.15,-0.064
67.2,-0.064
67.25,-0.064
67.3,-0.064
67.35,-0.064
67.4,-0.064
67.45,-0.064
67.5,-0.064
67.55,-0.064
67.6,-0.064
67.65,-0.064
67.7,-0.064
67.75,-0.064
67.8,-0.064
67.85,-0.064
67.9,-0.064
67.95,-0.064
68.0,-0.064
68.05,-0.064
68.1,-0.064
68.15,-0.064
68.2,-0.064
68.25,-0.064
68.3,-0.064
68.35,-0.064
68.4,-0.064
68.45,-0.064
68.5,-0.064
68.55,-0.064
68.6,-0.064
68.65,-0.064
68.7,-0.064
68.75,-0.064
68.8,-0.064
68.85,-0.064
68.9,-0.064
68.95,-0.064
69.0,-0.064
69.05,-0.064
69.1,-0.064
69.15,-0.064
69.2,-0.064
69.25,-0.064
69.3,-0.064
69.35,-0.064
69.4,-0.064
69.45,-0.064
69.5,-0.064
69.55,-0.064
69.6,-0.064
69.65,-0.064
69.7,-0.064
69.75,-0.064
69.8,-0.064
69.85,-0.064
69.9,-0.064
69.95,-0.064
70.0,-0.064
70.05,-0.064
70.1,-0.064
70.15,-0.064
70.2,-0.064
70.25,-0.064
70.3,-0.064
70.35,-0.064
70.4,-0.064
70.45,-0.064
70.5,-0.064
70.55,-0.064
70.6,-0.064
70.65,-0.064
70.7,-0.064
70.75,-0.064
70.8,-0.064
70.85,-0.064
70.9,-0.064
70.95,-0.064
71.0,-0.064
71.05,-0.064
71.1,-0.064
71.15,-0.064
71.2,-0.064
71.25,-0.064
71.3,-0.064
71.35,-0.064
71.4,-0.064
71.45,-0.064
71.5,-0.064
71.55,-0.064
71.6,-0.064
71.65,-0.064
71.7,-0.064
71.75,-0.064
71.8,-0.064
71.85,-0.064
71.9,-0.064
71.95,-0.064
72.0,-0.064
72.05,-0.064
72.1,-0.064
72.15,-0.064
72.2,-0.064
72.25,-0.064
72.3,-0.064
72.35,-0.064
72.4,-0.064
72.45,-0.064
72.5,-0.064
72.55,-0.064
72.6,-0.064
72.65,-0.050588089566151684
72.7,-0.03431893363792837
72.75,-0.017939925412838065
72.8,-0.0014478849163055418
72.85,0.01516043534102518
72.9,0.03188834795371287
72.95,0.048739227449975275
73.0,0.06571650623424019
73.05,0.08282366950127362
73.1,0.10006424895799715
73.15,0.1174418151644886
73.2,0.13495996827731582
73.25,0.15262232694566158
73.3,0.17043251507302237
73.35,0.1883941461137676
73.4,0.2065108045236388
73.45,0.2247860239252959
73.5,0.24322326148298057
73.55,0.2618258679029146
73.6,0.2805970523864223
73.65,0.299539841759069
73.7,0.3186570328790834
73.75,0.33795113728933923
73.8,0.35742431691621135
73.85,0.377078309432182
73.9,0.39691434168310524
73.95,0.4169330293308977
74.0,0.4371342605727766
74.05,0.4575170614628882
74.1,0.47807943997432445
74.15,0.49881820549124734
74.2,0.5197287599033154
74.25,0.5408048558780078
74.3,0.5620383172000429
74.35,0.583418715279274
74.4,0.6049329950270204
74.45,0.6265650422733784
74.5,0.6482951837327084
74.55,0.6700996092108344
74.6,0.6919497042781696
74.65,0.7138112800060133
74.7,0.7356436845852595
74.75,0.7573987797375599
74.8,0.7790197628280582
74.85,0.8004398135640912
74.9,0.8215805422241318
74.95,0.8423502146705879
75.0,0.8626417282014436
75.05,0.8823303119368403
75.1,0.9012709264054145
75.15,0.9192953399628618
75.2,0.9362088655484911
75.25,0.9517867512657567
75.3,0.9657702339182981
75.35,0.9778622879166519
75.4,0.9877231353158651
75.45,0.9949656290127147
75.5,0.9991506835210034
75.55,0.9997830095307413
75.6,0.9963075124954595
75.65,0.9881068433528558
75.7,0.9745007401090798
75.75,0.9547479667653294
75.8,0.9280518281121308
75.85,0.8935703921403537
75.9,0.8504326496566931
75.95,0.7977618309916349
76.0,0.7347069153022301
76.05,0.6604829326133819
76.1,0.5744199009841027
76.15,0.4760191188010112
76.2,0.3650140663392667
76.25,0.24143148411886906
76.3,0.10564654139093688
76.35,-0.04157523100500149
76.4,-0.064
76.45,-0.064
76.5,-0.064
76.55,-0.064
76.6,-0.064
76.65,-0.064
76.7,-0.064
76.75,-0.064
76.8,-0.064
76.85,-0.064
76.9,-0.064
76.95,-0.064
77.0,-0.064
77.05,-0.064
77.1,-0.064
77.15,-0.064
77.2,-0.064
77.25,-0.064
77.3,-0.064
77.35,-0.064
77.4,-0.064
77.45,-0.064
77.5,-0.064
77.55,-0.064
77.6,-0.064
77.65,-0.064
77.7,-0.064
77.75,-0.064
77.8,-0.064
77.85,-0.064
77.9,-0.064
77.95,-0.064
78.0,-0.064
78.05000000000001,-0.064
78.1,-0.064
78.15,-0.064
78.19999999999999,-0.064
78.25,-0.064
78.30000000000001,-0.064
78.35,-0.064
78.4,-0.064
78.44999999999999,-0.064
78.5,-0.064
78.55000000000001,-0.064
78.6,-0.064
78.65,-0.064
78.69999999999999,-0.064
78.75,-0.064
78.80000000000001,-0.064
78.85,-0.064
78.9,-0.064
78.94999999999999,-0.064
79.0,-0.064
79.05000000000001,-0.064
79.1,-0.064
79.15,-0.064
79.19999999999999,-0.064
79.25,-0.064
79.30000000000001,-0.064
79.35,-0.064
79.4,-0.064
79.44999999999999,-0.064
79.5,-0.064
79.55000000000001,-0.064
79.6,-0.064
79.65,-0.064
79.69999999999999,-0.064
79.75,-0.064
79.80000000000001,-0.064
79.85,-0.064
79.9,-0.064
79.94999999999999,-0.064
80.0,-0.064
80.05000000000001,-0.064
80.1,-0.064
80.15,-0.064
80.19999999999999,-0.064
80.25,-0.064
80.30000000000001,-0.064
80.35,-0.064
80.4,-0.064
80.44999999999999,-0.064
80.5,-0.064
80.55000000000001,-0.064
80.6,-0.064
80.65,-0.064
80.69999999999999,-0.064
80.75,-0.064
80.80000000000001,-0.064
80.85,-0.064
80.9,-0.064
80.94999999999999,-0.064
81.0,-0.064
81.05000000000001,-0.064
81.1,-0.064
81.15,-0.064
81.19999999999999,-0.064
81.25,-0.064
81.30000000000001,-0.064
81.35,-0.064
81.4,-0.064
81.44999999999999,-0.064
81.5,-0.064
81.55000000000001,-0.064
81.6,-0.064
81.65,-0.064
81.69999999999999,-0.064
81.75,-0.064
81.80000000000001,-0.064
81.85,-0.064
81.9,-0.064
81.94999999999999,-0.064
82.0,-0.064
82.05000000000001,-0.064
82.1,-0.064
82.15,-0.064
82.19999999999999,-0.064
82.25,-0.064
82.30000000000001,-0.064
82.35,-0.064
82.4,-0.064
82.44999999999999,-0.064
82.5,-0.064
82.55000000000001,-0.064
82.6,-0.064
82.65,-0.064
82.69999999999999,-0.064
82.75,-0.064
82.80000000000001,-0.064
82.85,-0.064
82.9,-0.064
82.94999999999999,-0.064
83.0,-0.064
83.05000000000001,-0.064
83.1,-0.064
83.15,-0.064
83.19999999999999,-0.064
83.25,-0.064
83.30000000000001,-0.064
83.35,-0.064
83.4,-0.064
83.44999999999999,-0.064
83.5,-0.064
83.55000000000001,-0.064
83.6,-0.064
83.65,-0.064
83.69999999999999,-0.064
83.75,-0.064
83.80000000000001,-0.064
83.85,-0.064
83.9,-0.064
83.94999999999999,-0.064
84.0,-0.064
84.05000000000001,-0.064
84.1,-0.064
84.15,-0.064
84.19999999999999,-0.064
84.25,-0.064
84.30000000000001,-0.064
84.35,-0.064
84.4,-0.064
84.44999999999999,-0.064
84.5,-0.064
84.55000000000001,-0.064
84.6,-0.064
84.65,-0.064
84.69999999999999,-0.064
84.75,-0.064
84.80000000000001,-0.064
84.85,-0.064
84.9,-0.064
84.94999999999999,-0.064
85.0,-0.064
85.05000000000001,-0.064
85.1,-0.064
85.15,-0.064
85.19999999999999,-0.064
85.25,-0.064
85.30000000000001,-0.064
85.35,-0.064
85.4,-0.064
85.44999999999999,-0.064
85.5,-0.064
85.55000000000001,-0.064
85.6,-0.064
85.65,-0.064
85.69999999999999,-0.064
85.75,-0.064
85.80000000000001,-0.064
85.85,-0.064
85.9,-0.064
85.94999999999999,-0.064
86.0,-0.064
86.05000000000001,-0.064
86.1,-0.064
86.15,-0.064
86.19999999999999,-0.064
86.25,-0.064
86.30000000000001,-0.064
86.35,-0.064
86.4,-0.064
86.44999999999999,-0.064
86.5,-0.064
86.55000000000001,-0.064
86.6,-0.064
86.65,-0.064
86.69999999999999,-0.064
86.75,-0.064
86.80000000000001,-0.064
86.85,-0.064
86.9,-0.064
86.94999999999999,-0.064
87.0,-0.064
87.05000000000001,-0.064
87.1,-0.064
87.15,-0.064
87.19999999999999,-0.064
87.25,-0.064
87.30000000000001,-0.064
87.35,-0.064
87.4,-0.064
87.44999999999999,-0.064
87.5,-0.064
87.55000000000001,-0.064
87.6,-0.064
87.65,-0.064
87.69999999999999,-0.064
87.75,-0.064
87.80000000000001,-0.064
87.85,-0.064
87.9,-0.064
87.94999999999999,-0.064
88.0,-0.064
88.05000000000001,-0.064
88.1,-0.064
88.15,-0.064
88.19999999999999,-0.064
88.25,-0.064
88.30000000000001,-0.064
88.35,-0.064
88.4,-0.064
88.44999999999999,-0.064
88.5,-0.064
88.55000000000001,-0.064
88.6,-0.064
88.65,-0.064
88.69999999999999,-0.064
88.75,-0.064
88.80000000000001,-0.064
88.85,-0.064
88.9,-0.064
88.94999999999999,-0.064
89.0,-0.064
89.05000000000001,-0.064
89.1,-0.064
89.15,-0.064
89.19999999999999,-0.064
89.25,-0.064
89.30000000000001,-0.064
89.35,-0.064
89.4,-0.064
89.44999999999999,-0.064
89.5,-0.064
89.55000000000001,-0.064
89.6,-0.064
89.65,-0.064
89.69999999999999,-0.064
89.75,-0.064
89.80000000000001,-0.064
89.85,-0.064
89.9,-0.064
89.94999999999999,-0.064
90.0,-0.064
90.05000000000001,-0.064
90.1,-0.064
90.15,-0.064
90.2,-0.064
90.25,-0.064
90.3,-0.064
90.35,-0.064
90.4,-0.064
90.45,-0.064
90.5,-0.064
90.55,-0.064
90.6,-0.064
90.65,-0.064
90.7,-0.064
90.75,-0.064
90.8,-0.064
90.85,-0.064
90.9,-0.064
90.95,-0.064
91.0,-0.064
91.05,-0.064
91.1,-0.064
91.15,-0.064
91.2,-0.064
91.25,-0.064
91.3,-0.064
91.35,-0.064
91.4,-0.064
91.45,-0.064
91.5,-0.064
91.55,-0.064
91.6,-0.064
91.65,-0.064
91.7,-0.064
91.75,-0.064
91.8,-0.064
91.85,-0.064
91.9,-0.064
91.95,-0.064
92.0,-0.064
92.05,-0.064
92.1,-0.064
92.15,-0.064
92.2,-0.064
92.25,-0.064
92.3,-0.064
92.35,-0.064
92.4,-0.064
92.45,-0.064
92.5,-0.064
92.55,-0.064
92.6,-0.064
92.65,-0.064
92.7,-0.064
92.75,-0.064
92.8,-0.064
92.85,-0.064
92.9,-0.064
92.95,-0.064
93.0,-0.064
93.05,-0.064
93.1,-0.064
93.15,-0.064
93.2,-0.064
93.25,-0.064
93.3,-0.064
93.35,-0.064
93.4,-0.064
93.45,-0.064
93.5,-0.064
93.55,-0.064
93.6,-0.064
93.65,-0.064
93.7,-0.064
93.75,-0.064
93.8,-0.064
93.85,-0.064
93.9,-0.064
93.95,-0.064
94.0,-0.064
94.05,-0.064
94.1,-0.064
94.15,-0.064
94.2,-0.064
94.25,-0.064
94.3,-0.064
94.35,-0.064
94.4,-0.064
94.45,-0.064
94.5,-0.064
94.55,-0.064
94.6,-0.064
94.65,-0.064
94.7,-0.05882039776366699
94.75,-0.05158358564032839
94.8,-0.04433454729444786
94.85,-0.03707276061868847
94.9,-0.02979769069262206
94.95,-0.02250878939469958
95.0,-0.015205495001865632
95.05,-0.007887231776471548
95.1,-0.0005534095401451555
95.15,0.006796576765725537
95.2,0.014163347533235782
95.25,0.0215475389552654
95.3,0.028949803507171468
95.35,0.036370810443184354
95.4,0.04381124630782007
95.45,0.05127181546259274
95.5,0.05875324062830645
95.55,0.06625626344316293
95.6,0.07378164503691675
95.65,0.0813301666212517
95.7,0.08890263009653387
95.75,0.09649985867502886
95.8,0.1041226975206333
95.85,0.11177201440509732
95.9,0.11944870038063538
95.95,0.12715367046875825
96.0,0.13488786436502398
96.05,0.14265224715933533
96.1,0.1504478100712442
96.15,0.1582755711995948
96.2,0.16613657628566425
96.25,0.17403189948876419
96.3,0.1819626441730401
96.35,0.1899299437039763
96.4,0.19793496225280227
96.45,0.20597889560669602
96.5,0.21406297198230317
96.55,0.22218845283968292
96.6,0.23035663369331616
96.65,0.2385688449162896
96.7,0.24682645253316227
96.75,0.25513085899634336
96.8,0.2634835039400476
96.85,0.2718858649050201
96.9,0.28033945802624416
96.95,0.2888458386747407
97.0,0.2974066020433087
97.05,0.3060233836646423
97.1,0.3146978598486637
97.15,0.32343174802409325
97.2,0.33222680696723905
97.25,0.3410848368986722
97.3,0.35000767942584154
97.35,0.35899721730671563
97.4,0.36805537400619903
97.45,0.37718411301327803
97.5,0.38638543688255933
97.55,0.3956613859590131
97.6,0.40501403673922354
97.65,0.4144454998162217
97.7,0.42395791734790167
97.75,0.4335534599810098
97.8,0.44323432315360844
97.85,0.4530027226885911
97.9,0.4628608895791203
97.95,0.4728110638535543
98.0,0.4828554873923179
98.05,0.49299639555199537
98.1,0.5032360074323928
98.15,0.5135765146001126
98.2,0.5240200680568938
98.25,0.5345687632122296
98.3,0.5452246225870021
98.35,0.5559895759375966
98.4,0.5668654374474649
98.45,0.5778538795847185
98.5,0.5889564031691695
98.55,0.6001743031294098
98.6,0.6115086293588905
98.65,0.62296014199837
98.7,0.6345292603791346
98.75,0.6462160047555103
98.8,0.6580199298346525
98.85,0.6699400489744517
98.9,0.6819747477644742
98.95,0.6941216855277591
99.0,0.7063776830804058
99.05,0.7187385948583368
99.1,0.7311991632633899
99.15,0.7437528527907596
99.2,0.7563916611735078
99.25,0.7691059044141578
99.3,0.7818839721652739
99.35,0.7947120494678629
99.4,0.8075738003567656
99.45,0.8204500082955855
99.5,0.8333181678119065
99.55,0.8461520210713438
99.6,0.8589210324654291
99.65,0.8715897936085606
99.7,0.8841173504665895
99.75,0.8964564437085937
99.8,0.9085526528334944
99.85,0.9203434342435793
99.9,0.9317570433126754
99.95,0.9427113307557516
100.0,0.9531124044193815
