variant,iteration,J_window
correct,0,35.756420846765856
correct,1,2.565817515313211
correct,2,2.3437252624109766
correct,3,2.0983083056473784
correct,4,1.7306036307477064
correct,5,1.6365964350337598
correct,6,1.391208381769756
correct,7,1.3187573548300735
correct,8,1.0174705774445225
correct,9,0.9602326584022309
correct,10,0.9447483392757966
correct,11,0.9414975079663519
correct,12,0.929290706636219
correct,13,0.9022220574876939
correct,14,0.9020032792772602
correct,15,0.8814523129431853
correct,16,0.8664257826981369
correct,17,0.8228338277017718
correct,18,0.8169281889060694
correct,19,0.8163098934077309
correct,20,0.814527452851684
correct,21,0.8136891873300088
correct,22,0.8127604523514372
correct,23,0.8118647270031262
correct,24,0.8101236635774606
correct,25,0.8020596175618292
correct,26,0.7947451284293102
correct,27,0.7938458862438674
correct,28,0.7917573760596303
correct,29,0.7879812149869687
correct,30,0.7797442075724879
correct,31,0.7761786393493333
correct,32,0.7583156498881417
correct,33,0.7256384332388337
correct,34,0.719951477391506
correct,35,0.7013795822555422
correct,36,0.675276092324875
correct,37,0.6497463642046641
correct,38,0.6335830471787313
correct,39,0.6331114009224552
correct,40,0.6230160338484557
correct,41,0.5818993401278422
correct,42,0.5663642718030553
correct,43,0.5512508899902216
correct,44,0.5223929593683999
correct,45,0.5212748711346734
correct,46,0.5069026791273608
correct,47,0.4987895361902548
correct,48,0.48619684623818904
correct,49,0.4444063735137579
correct,50,0.4272310094381564
correct,51,0.41101547468802946
correct,52,0.38232917760619506
correct,53,0.3591523207267208
correct,54,0.33818374557604153
correct,55,0.3239784901912967
correct,56,0.31341000693843224
correct,57,0.29320697351740344
correct,58,0.282676866024245
correct,59,0.27379115524594266
correct,60,0.259818044991844
correct,61,0.24979800845929878
correct,62,0.2455248622895831
correct,63,0.2256209324672604
correct,64,0.2183396220458258
correct,65,0.21130126519938192
correct,66,0.19867168397240906
correct,67,0.1902952120159903
correct,68,0.17871299078361
correct,69,0.17667489357133678
correct,70,0.17433782385755342
correct,71,0.16479284389101345
correct,72,0.15786819808661562
correct,73,0.15444464655160173
correct,74,0.15158250774598503
correct,75,0.15055717825876
correct,76,0.14866834930792044
correct,77,0.14584221465546818
correct,78,0.1422836847137383
correct,79,0.13918126049593127
correct,80,0.13578664322963258
correct,81,0.13278612678835433
correct,82,0.1313865437181048
correct,83,0.12717875894691022
correct,84,0.11796867025117466
correct,85,0.11594636254071886
correct,86,0.10749199285052807
correct,87,0.10510898856469067
correct,88,0.10124549619498144
correct,89,0.09671252305762618
correct,90,0.09437253161879956
correct,91,0.09226106259345859
correct,92,0.09119553358572982
correct,93,0.09082304078678126
correct,94,0.09054723576413738
correct,95,0.09011086822753939
correct,96,0.08990191596450464
correct,97,0.08952449037713735
correct,98,0.08833725371323611
correct,99,0.08760291100916921
correct,100,0.08740663234382898
correct,101,0.08714190460217769
correct,102,0.08594985226524259
correct,103,0.08419575901767491
correct,104,0.08329870010903954
correct,105,0.08306383109481005
correct,106,0.08158694515088052
correct,107,0.08134019681831325
correct,108,0.08096083163414122
correct,109,0.08041499854029042
correct,110,0.07982192753830084
correct,111,0.07845853295225066
correct,112,0.0780461989790176
correct,113,0.0773323678883264
correct,114,0.07671013696798867
correct,115,0.07567307732475592
correct,116,0.07437294210057062
correct,117,0.07320800959397036
correct,118,0.07274651677813342
correct,119,0.0725091820911816
correct,120,0.0722573104907971
correct,121,0.07196330662807021
correct,122,0.07105621877486767
correct,123,0.06946759209513484
correct,124,0.06866905272857753
correct,125,0.06780756476274177
correct,126,0.06748347173573527
correct,127,0.06734396436250877
correct,128,0.0672196688542906
correct,129,0.067096943425143
correct,130,0.06688903758844147
correct,131,0.06656296840406953
correct,132,0.06615203716731442
correct,133,0.06571301102837016
correct,134,0.06552171595906257
correct,135,0.06542076365769925
correct,136,0.0652836956499035
correct,137,0.0645379399195943
correct,138,0.06405657196658457
correct,139,0.06368302497100489
correct,140,0.06340263408852823
correct,141,0.06317995708556998
correct,142,0.06307672253060093
correct,143,0.0629157139424186
correct,144,0.06279993600328636
correct,145,0.0624020963658104
correct,146,0.061959094498718115
correct,147,0.0616245546138148
correct,148,0.06139742085693646
correct,149,0.06138581780813883
correct,150,0.061141041629894005
correct,151,0.060864579879551975
correct,152,0.06035383783045384
correct,153,0.05972338076103349
correct,154,0.059112622610978306
correct,155,0.058878911046372245
correct,156,0.05872273292873353
correct,157,0.058595396467960456
correct,158,0.05852608419489523
correct,159,0.05847875357990692
correct,160,0.058388437146249236
correct,161,0.05814832412551526
correct,162,0.057849756341930195
correct,163,0.05737399167781144
correct,164,0.056840263937497165
correct,165,0.056430667502159325
correct,166,0.056134435322344474
correct,167,0.05594147356137898
correct,168,0.055907993067676826
correct,169,0.05579126883461841
correct,170,0.055700018844324906
correct,171,0.05542177884646039
correct,172,0.05510590317367482
correct,173,0.05503660108375941
correct,174,0.05493894707182936
correct,175,0.054803368112429626
correct,176,0.05469562620596445
correct,177,0.054498634575286364
correct,178,0.05429671777197811
correct,179,0.0542425896915579
correct,180,0.05419669576190797
correct,181,0.054163494451115575
correct,182,0.05408565938888624
correct,183,0.05400741689317202
correct,184,0.05397404567814177
correct,185,0.0538180943212305
correct,186,0.05373116346294665
correct,187,0.0534014117999891
correct,188,0.0531427839714322
correct,189,0.053046149199735895
correct,190,0.052831094704937784
correct,191,0.05248391366730194
correct,192,0.052291974555682234
correct,193,0.052202314239870165
correct,194,0.05206469146292225
correct,195,0.05199127097606516
correct,196,0.05188379974876128
correct,197,0.051741198241727404
correct,198,0.051454321352433684
correct,199,0.05125050773822165
correct,200,0.051006576050218785
correct,201,0.05094753542865062
correct,202,0.050921867953574326
correct,203,0.05089437101479283
correct,204,0.05088028529584698
correct,205,0.05083048886084074
correct,206,0.05076336388362919
correct,207,0.050701963365759495
correct,208,0.050573965248320196
correct,209,0.050519859054463837
correct,210,0.050391997253905724
correct,211,0.05030881874820462
correct,212,0.05022754026364062
correct,213,0.05009094862665907
correct,214,0.049745134498939685
correct,215,0.04952286508424557
correct,216,0.04922397955031181
correct,217,0.04909012288307976
correct,218,0.0487166816745009
correct,219,0.048510970415859084
correct,220,0.04840880527254093
correct,221,0.048345557358106674
correct,222,0.04822993681756961
correct,223,0.048199159092583335
correct,224,0.04814774702249139
correct,225,0.04805318910706703
correct,226,0.047898507217605364
correct,227,0.047692867978719314
correct,228,0.04760267382284641
correct,229,0.047427222043021786
correct,230,0.04734472598322737
correct,231,0.04728940881626324
correct,232,0.04724199078870285
correct,233,0.047202166676536386
correct,234,0.04712852523667026
correct,235,0.04702170636825189
correct,236,0.04683197007413328
correct,237,0.04661992002405532
correct,238,0.04640301902723401
correct,239,0.04623336169259067
correct,240,0.04604437803545807
correct,241,0.04593212982825177
correct,242,0.04574225123120051
correct,243,0.045648454405162464
correct,244,0.04552766891301886
correct,245,0.04539118307848365
correct,246,0.04525819187137989
correct,247,0.0451895782991353
correct,248,0.04514515317486849
correct,249,0.04508409205873835
correct,250,0.0450684241121109
correct,251,0.04505417881631619
correct,252,0.04501477462835146
correct,253,0.04490439735724523
correct,254,0.044641458635405834
correct,255,0.04439078399572332
correct,256,0.04432949725747621
correct,257,0.04379021468474037
correct,258,0.04364521427921396
correct,259,0.0436142366901302
correct,260,0.04358760610110235
correct,261,0.04355617328690199
correct,262,0.04351556136644029
correct,263,0.04345645714438203
correct,264,0.043423855597119136
correct,265,0.04339159781018786
correct,266,0.04333664256945706
correct,267,0.043188660633081105
correct,268,0.04314221461022035
correct,269,0.04312552097289952
correct,270,0.04307088906818255
correct,271,0.04301074247941647
correct,272,0.042989389082802906
correct,273,0.0429672790546608
correct,274,0.04292609553338567
correct,275,0.042890284362505124
correct,276,0.04286087203607291
correct,277,0.042852372502003064
correct,278,0.04283476764419572
correct,279,0.042826126140847326
correct,280,0.04280794113722227
correct,281,0.04278308274509182
correct,282,0.04276076992625732
correct,283,0.04275239054293427
correct,284,0.04274861429133077
correct,285,0.04274646479142894
correct,286,0.04273713421486157
correct,287,0.04272879119437091
correct,288,0.042718711732802686
correct,289,0.04271488267336302
correct,290,0.042708008026291544
correct,291,0.042703845538546156
correct,292,0.042701513133018176
correct,293,0.0426998961413922
correct,294,0.0426995302512933
correct,295,0.04269897115768045
correct,296,0.042698382227891754
correct,297,0.04269766890331507
correct,298,0.04269722792449747
correct,299,0.042696499962206716
correct,300,0.04269559838013524
wrong,0,35.756420846765856
wrong,1,1.5087134906983808
wrong,2,1.5083659721851403
wrong,3,1.5083659721851397
wrong,4,1.5083458325702803
wrong,5,1.5081299150891014
wrong,6,1.507985092655018
wrong,7,1.5079850896224007
wrong,8,1.5079824959343666
wrong,9,1.5079824959344468
wrong,10,1.5079840038298944
wrong,11,1.5079855091627503
wrong,12,1.5079870169706993
wrong,13,1.5079885238693935
wrong,14,1.5079900300164815
wrong,15,1.5079915355956115
wrong,16,1.5079930406254054
wrong,17,1.5079945486053037
wrong,18,1.507996054176135
wrong,19,1.507997562084145
wrong,20,1.5079990700501429
wrong,21,1.5080005760777715
wrong,22,1.5080020829806184
wrong,23,1.508003590558953
wrong,24,1.5080050984558453
wrong,25,1.5080066024553318
wrong,26,1.5080081101700114
wrong,27,1.5080096178512918
wrong,28,1.508011125611206
wrong,29,1.5080126330489552
wrong,30,1.5080141407288419
wrong,31,1.5080156482171811
wrong,32,1.508017156055023
wrong,33,1.5080186635509978
wrong,34,1.5080201714486283
wrong,35,1.5080216793022194
wrong,36,1.5080231846556031
wrong,37,1.5080246911701707
wrong,38,1.5080261989327
wrong,39,1.508027706951997
wrong,40,1.5080292143398386
wrong,41,1.508030721886398
wrong,42,1.508032228931634
wrong,43,1.508033736727048
wrong,44,1.5080352437771458
wrong,45,1.5080367515154467
wrong,46,1.5080382592151014
wrong,47,1.5080397670521708
wrong,48,1.5080412712093396
wrong,49,1.5080427764415905
wrong,50,1.508044284048205
wrong,51,1.5080457920631904
wrong,52,1.5080473001037504
wrong,53,1.5080488079652428
wrong,54,1.5080503156515142
wrong,55,1.5080518236672953
wrong,56,1.5080533299141747
wrong,57,1.5080548372966844
wrong,58,1.5080563452871112
wrong,59,1.508057852487435
wrong,60,1.5080593575294212
wrong,61,1.5080608643563573
wrong,62,1.5080623723772515
wrong,63,1.5080638803574178
wrong,64,1.5080653883972395
wrong,65,1.508066894133961
wrong,66,1.5080684014947112
wrong,67,1.5080699092999144
wrong,68,1.5080714171082001
wrong,69,1.508072924879077
wrong,70,1.5080744326186877
wrong,71,1.508075940429008
wrong,72,1.5080774474865812
wrong,73,1.5080789517805826
wrong,74,1.5080804598314634
wrong,75,1.5080819677355526
wrong,76,1.50808347301041
wrong,77,1.5080849806210752
wrong,78,1.5080864872822817
wrong,79,1.5080879948804495
wrong,80,1.5080895027837788
wrong,81,1.5080910106868353
wrong,82,1.5080925186615775
wrong,83,1.5080940251938224
wrong,84,1.5080955298089151
wrong,85,1.5080970355659664
wrong,86,1.5080985435749146
wrong,87,1.508100050337047
wrong,88,1.5081015579971786
wrong,89,1.5081030650640193
wrong,90,1.5081045721874407
wrong,91,1.5081060797773687
wrong,92,1.5081075875678818
wrong,93,1.5081090933262185
wrong,94,1.5081106006148421
wrong,95,1.5081121080395874
wrong,96,1.5081136158176227
wrong,97,1.508115123764456
wrong,98,1.508116628875461
wrong,99,1.508118135422482
wrong,100,1.5081196435118085
wrong,101,1.5081211498229137
wrong,102,1.5081226577255527
wrong,103,1.5081241643289938
wrong,104,1.508125671225398
wrong,105,1.508127175822902
wrong,106,1.5081286817697994
wrong,107,1.5081301896274422
wrong,108,1.508131697740926
wrong,109,1.508133205657782
wrong,110,1.508134711656069
wrong,111,1.508136218850534
wrong,112,1.5081377269430858
wrong,113,1.5081392349981342
wrong,114,1.5081407413388437
wrong,115,1.5081422485470992
wrong,116,1.508143754970981
wrong,117,1.5081452607845693
wrong,118,1.5081467681715706
wrong,119,1.5081482762779148
wrong,120,1.5081497833291686
wrong,121,1.5081512890375213
wrong,122,1.5081527955782543
wrong,123,1.5081543033626417
wrong,124,1.5081558112523712
wrong,125,1.5081573183384613
wrong,126,1.5081588263725045
wrong,127,1.5081603330400002
wrong,128,1.5081618409885718
wrong,129,1.508163347925076
wrong,130,1.5081648560577954
wrong,131,1.508166363973704
wrong,132,1.5081678718495086
wrong,133,1.5081693780357364
wrong,134,1.5081708807819116
wrong,135,1.5081723885917582
wrong,136,1.5081738954904906
wrong,137,1.5081754003636398
wrong,138,1.5081769058829941
wrong,139,1.5081784131772846
wrong,140,1.508179920770426
wrong,141,1.5081814271739755
wrong,142,1.5081829336105026
wrong,143,1.5081844417527897
wrong,144,1.5081859478336512
wrong,145,1.5081874550009724
wrong,146,1.5081889614168964
wrong,147,1.508190469482586
wrong,148,1.5081919772722916
wrong,149,1.508193484332683
wrong,150,1.5081949921299682
wrong,151,1.5081964982634688
wrong,152,1.508198006308551
wrong,153,1.5081995144328948
wrong,154,1.5082010213945682
wrong,155,1.5082025292013255
wrong,156,1.5082040371338878
wrong,157,1.5082055450332046
wrong,158,1.5082070502773794
wrong,159,1.5082085557394804
wrong,160,1.50821006219907
wrong,161,1.5082115669456508
wrong,162,1.5082130746578828
wrong,163,1.5082145823264972
wrong,164,1.5082160904856965
wrong,165,1.5082175970055371
wrong,166,1.508219105146689
wrong,167,1.5082206105566647
wrong,168,1.5082221187405875
wrong,169,1.5082236248074585
wrong,170,1.508225132694557
wrong,171,1.5082266401115834
wrong,172,1.5082281480068636
wrong,173,1.5082296550323646
wrong,174,1.508231161343689
wrong,175,1.5082326674315083
wrong,176,1.508234175346236
wrong,177,1.5082356827521397
wrong,178,1.5082371909545076
wrong,179,1.508238698911452
wrong,180,1.5082402067801428
wrong,181,1.5082417139257243
wrong,182,1.5082432218948874
wrong,183,1.5082447301211246
wrong,184,1.5082462383291053
wrong,185,1.5082477464568118
wrong,186,1.5082492544993635
wrong,187,1.5082507623347898
wrong,188,1.5082522678779933
wrong,189,1.5082537735123016
wrong,190,1.5082552809570189
wrong,191,1.508256788572694
wrong,192,1.5082582963613522
wrong,193,1.508259803782901
wrong,194,1.5082613118712622
wrong,195,1.5082628199313015
wrong,196,1.5082643263223705
wrong,197,1.5082658338653228
wrong,198,1.5082673421175952
wrong,199,1.508268850342271
wrong,200,1.5082703579783594
wrong,201,1.508271864895008
wrong,202,1.5082733721927808
wrong,203,1.5082748794514333
wrong,204,1.508276387283914
wrong,205,1.508277893975869
wrong,206,1.5082794020691508
wrong,207,1.5082809100701593
wrong,208,1.5082824180773176
wrong,209,1.5082839246648445
wrong,210,1.5082854327996522
wrong,211,1.508286937308504
wrong,212,1.5082884429364507
wrong,213,1.5082899487451662
wrong,214,1.5082914563760206
wrong,215,1.5082929633524966
wrong,216,1.5082944713867843
wrong,217,1.5082959779802951
wrong,218,1.5082974857459572
wrong,219,1.5082989939260678
wrong,220,1.5083005004065968
wrong,221,1.5083020075720404
wrong,222,1.508303513459136
wrong,223,1.5083050215914293
wrong,224,1.5083065267573537
wrong,225,1.5083080349941806
wrong,226,1.508309543170425
wrong,227,1.508311049149402
wrong,228,1.508312557458957
wrong,229,1.5083140651469462
wrong,230,1.5083155732578897
wrong,231,1.5083170800022128
wrong,232,1.5083185876790624
wrong,233,1.5083200958692877
wrong,234,1.5083216028144504
wrong,235,1.5083231097858625
wrong,236,1.5083246168269688
wrong,237,1.5083261251023516
wrong,238,1.5083276322918526
wrong,239,1.5083291390736355
wrong,240,1.5083306472105515
wrong,241,1.5083321551704842
wrong,242,1.5083336621510695
wrong,243,1.5083351703095715
wrong,244,1.5083366784906342
wrong,245,1.508338184966214
wrong,246,1.5083396913172926
wrong,247,1.5083411995400662
wrong,248,1.5083427073902287
wrong,249,1.5083442154169275
wrong,250,1.5083457234266442
wrong,251,1.5083472284910535
wrong,252,1.5083487358029224
wrong,253,1.5083502435230558
wrong,254,1.5083517518310556
wrong,255,1.5083532596426967
wrong,256,1.5083547679827949
wrong,257,1.5083562749799446
wrong,258,1.5083577828862607
wrong,259,1.5083592910162296
wrong,260,1.508360796106423
wrong,261,1.5083623026104411
wrong,262,1.5083638102920571
wrong,263,1.5083653182337542
wrong,264,1.508366826496899
wrong,265,1.5083683345520182
wrong,266,1.5083698428650678
wrong,267,1.5083713483727987
wrong,268,1.5083728558838305
wrong,269,1.5083743638548277
wrong,270,1.5083758705219148
wrong,271,1.50837737628439
wrong,272,1.508378881420854
wrong,273,1.5083803897355916
wrong,274,1.5083818976681567
wrong,275,1.5083834051357448
wrong,276,1.50838491297438
wrong,277,1.50838642119715
wrong,278,1.5083879295432445
wrong,279,1.5083894377124825
wrong,280,1.5083909455653557
wrong,281,1.508392453873352
wrong,282,1.5083939613606399
wrong,283,1.508395469207891
wrong,284,1.508396977138842
wrong,285,1.5083984853465435
wrong,286,1.5083999931114267
wrong,287,1.5084014998136164
wrong,288,1.5084030078244184
wrong,289,1.5084045161814514
wrong,290,1.5084060239523183
wrong,291,1.5084075322756445
wrong,292,1.508409040648193
wrong,293,1.5084105485963575
wrong,294,1.5084120567564643
wrong,295,1.5084135647897126
wrong,296,1.5084150731729884
wrong,297,1.5084165795455706
wrong,298,1.5084180868219685
wrong,299,1.5084195922773638
wrong,300,1.508421099119918
