v,w,dv,dw
-2.5,-1.0,4.208333333333333,-0.08000000000000002
-2.5,-0.875,4.083333333333333,-0.08800000000000002
-2.5,-0.75,3.958333333333333,-0.09600000000000002
-2.5,-0.625,3.833333333333333,-0.10400000000000001
-2.5,-0.5,3.708333333333333,-0.11200000000000002
-2.5,-0.375,3.583333333333333,-0.12000000000000002
-2.5,-0.25,3.458333333333333,-0.128
-2.5,-0.125,3.333333333333333,-0.136
-2.5,0.0,3.208333333333333,-0.14400000000000002
-2.5,0.125,3.083333333333333,-0.15200000000000002
-2.5,0.25,2.958333333333333,-0.16000000000000003
-2.5,0.375,2.833333333333333,-0.168
-2.5,0.5,2.708333333333333,-0.17600000000000002
-2.5,0.625,2.583333333333333,-0.18400000000000002
-2.5,0.75,2.458333333333333,-0.192
-2.5,0.875,2.333333333333333,-0.2
-2.5,1.0,2.208333333333333,-0.20800000000000002
-2.5,1.125,2.083333333333333,-0.21600000000000003
-2.5,1.25,1.958333333333333,-0.22400000000000003
-2.5,1.375,1.833333333333333,-0.232
-2.5,1.5,1.708333333333333,-0.24000000000000002
-2.5,1.625,1.583333333333333,-0.24800000000000003
-2.5,1.75,1.458333333333333,-0.256
-2.5,1.875,1.333333333333333,-0.264
-2.5,2.0,1.208333333333333,-0.272
-2.2916666666666665,-1.0,3.220076195987654,-0.06333333333333332
-2.2916666666666665,-0.875,3.095076195987654,-0.07133333333333333
-2.2916666666666665,-0.75,2.970076195987654,-0.07933333333333333
-2.2916666666666665,-0.625,2.845076195987654,-0.08733333333333332
-2.2916666666666665,-0.5,2.720076195987654,-0.09533333333333333
-2.2916666666666665,-0.375,2.595076195987654,-0.10333333333333333
-2.2916666666666665,-0.25,2.470076195987654,-0.11133333333333333
-2.2916666666666665,-0.125,2.345076195987654,-0.11933333333333332
-2.2916666666666665,0.0,2.220076195987654,-0.12733333333333333
-2.2916666666666665,0.125,2.095076195987654,-0.13533333333333333
-2.2916666666666665,0.25,1.9700761959876538,-0.1433333333333333
-2.2916666666666665,0.375,1.8450761959876538,-0.15133333333333332
-2.2916666666666665,0.5,1.7200761959876538,-0.15933333333333333
-2.2916666666666665,0.625,1.5950761959876538,-0.16733333333333333
-2.2916666666666665,0.75,1.4700761959876538,-0.17533333333333334
-2.2916666666666665,0.875,1.3450761959876538,-0.18333333333333332
-2.2916666666666665,1.0,1.2200761959876538,-0.19133333333333333
-2.2916666666666665,1.125,1.0950761959876538,-0.19933333333333333
-2.2916666666666665,1.25,0.9700761959876538,-0.20733333333333331
-2.2916666666666665,1.375,0.8450761959876538,-0.21533333333333332
-2.2916666666666665,1.5,0.7200761959876538,-0.22333333333333333
-2.2916666666666665,1.625,0.5950761959876538,-0.23133333333333334
-2.2916666666666665,1.75,0.4700761959876538,-0.23933333333333334
-2.2916666666666665,1.875,0.3450761959876538,-0.24733333333333332
-2.2916666666666665,2.0,0.22007619598765382,-0.2553333333333333
-2.0833333333333335,-1.0,2.430748456790124,-0.04666666666666669
-2.0833333333333335,-0.875,2.305748456790124,-0.0546666666666667
-2.0833333333333335,-0.75,2.180748456790124,-0.06266666666666669
-2.0833333333333335,-0.625,2.055748456790124,-0.07066666666666668
-2.0833333333333335,-0.5,1.9307484567901239,-0.07866666666666669
-2.0833333333333335,-0.375,1.8057484567901239,-0.0866666666666667
-2.0833333333333335,-0.25,1.6807484567901239,-0.09466666666666669
-2.0833333333333335,-0.125,1.5557484567901239,-0.10266666666666668
-2.0833333333333335,0.0,1.4307484567901239,-0.11066666666666669
-2.0833333333333335,0.125,1.3057484567901239,-0.1186666666666667
-2.0833333333333335,0.25,1.1807484567901239,-0.1266666666666667
-2.0833333333333335,0.375,1.0557484567901239,-0.13466666666666668
-2.0833333333333335,0.5,0.9307484567901239,-0.1426666666666667
-2.0833333333333335,0.625,0.8057484567901239,-0.1506666666666667
-2.0833333333333335,0.75,0.6807484567901239,-0.15866666666666668
-2.0833333333333335,0.875,0.5557484567901239,-0.16666666666666669
-2.0833333333333335,1.0,0.43074845679012386,-0.1746666666666667
-2.0833333333333335,1.125,0.30574845679012386,-0.1826666666666667
-2.0833333333333335,1.25,0.18074845679012386,-0.1906666666666667
-2.0833333333333335,1.375,0.05574845679012386,-0.19866666666666669
-2.0833333333333335,1.5,-0.06925154320987614,-0.2066666666666667
-2.0833333333333335,1.625,-0.19425154320987614,-0.2146666666666667
-2.0833333333333335,1.75,-0.31925154320987614,-0.22266666666666668
-2.0833333333333335,1.875,-0.44425154320987614,-0.2306666666666667
-2.0833333333333335,2.0,-0.5692515432098761,-0.2386666666666667
-1.875,-1.0,1.822265625,-0.03
-1.875,-0.875,1.697265625,-0.038000000000000006
-1.875,-0.75,1.572265625,-0.046
-1.875,-0.625,1.447265625,-0.05399999999999999
-1.875,-0.5,1.322265625,-0.062
-1.875,-0.375,1.197265625,-0.07
-1.875,-0.25,1.072265625,-0.078
-1.875,-0.125,0.947265625,-0.086
-1.875,0.0,0.822265625,-0.094
-1.875,0.125,0.697265625,-0.10200000000000001
-1.875,0.25,0.572265625,-0.11
-1.875,0.375,0.447265625,-0.118
-1.875,0.5,0.322265625,-0.126
-1.875,0.625,0.197265625,-0.134
-1.875,0.75,0.072265625,-0.14200000000000002
-1.875,0.875,-0.052734375,-0.15
-1.875,1.0,-0.177734375,-0.158
-1.875,1.125,-0.302734375,-0.166
-1.875,1.25,-0.427734375,-0.174
-1.875,1.375,-0.552734375,-0.182
-1.875,1.5,-0.677734375,-0.19
-1.875,1.625,-0.802734375,-0.198
-1.875,1.75,-0.927734375,-0.20600000000000002
-1.875,1.875,-1.052734375,-0.214
-1.875,2.0,-1.177734375,-0.222
-1.6666666666666667,-1.0,1.3765432098765433,-0.013333333333333336
-1.6666666666666667,-0.875,1.2515432098765433,-0.021333333333333343
-1.6666666666666667,-0.75,1.1265432098765433,-0.029333333333333336
-1.6666666666666667,-0.625,1.0015432098765433,-0.03733333333333333
-1.6666666666666667,-0.5,0.8765432098765433,-0.04533333333333334
-1.6666666666666667,-0.375,0.7515432098765433,-0.053333333333333344
-1.6666666666666667,-0.25,0.6265432098765433,-0.06133333333333334
-1.6666666666666667,-0.125,0.5015432098765433,-0.06933333333333333
-1.6666666666666667,0.0,0.3765432098765433,-0.07733333333333334
-1.6666666666666667,0.125,0.2515432098765433,-0.08533333333333334
-1.6666666666666667,0.25,0.12654320987654333,-0.09333333333333334
-1.6666666666666667,0.375,0.0015432098765433278,-0.10133333333333333
-1.6666666666666667,0.5,-0.12345679012345667,-0.10933333333333334
-1.6666666666666667,0.625,-0.24845679012345667,-0.11733333333333335
-1.6666666666666667,0.75,-0.3734567901234567,-0.12533333333333335
-1.6666666666666667,0.875,-0.4984567901234569,-0.13333333333333333
-1.6666666666666667,1.0,-0.6234567901234569,-0.14133333333333334
-1.6666666666666667,1.125,-0.7484567901234569,-0.14933333333333335
-1.6666666666666667,1.25,-0.8734567901234569,-0.15733333333333333
-1.6666666666666667,1.375,-0.9984567901234569,-0.16533333333333333
-1.6666666666666667,1.5,-1.123456790123457,-0.17333333333333334
-1.6666666666666667,1.625,-1.248456790123457,-0.18133333333333335
-1.6666666666666667,1.75,-1.373456790123457,-0.18933333333333335
-1.6666666666666667,1.875,-1.498456790123457,-0.19733333333333333
-1.6666666666666667,2.0,-1.623456790123457,-0.20533333333333334
-1.4583333333333333,-1.0,1.075496720679012,0.003333333333333327
-1.4583333333333333,-0.875,0.950496720679012,-0.00466666666666668
-1.4583333333333333,-0.75,0.825496720679012,-0.012666666666666673
-1.4583333333333333,-0.625,0.700496720679012,-0.020666666666666667
-1.4583333333333333,-0.5,0.575496720679012,-0.028666666666666674
-1.4583333333333333,-0.375,0.45049672067901203,-0.03666666666666668
-1.4583333333333333,-0.25,0.32549672067901203,-0.044666666666666674
-1.4583333333333333,-0.125,0.20049672067901203,-0.05266666666666667
-1.4583333333333333,0.0,0.07549672067901203,-0.060666666666666674
-1.4583333333333333,0.125,-0.04950327932098797,-0.06866666666666668
-1.4583333333333333,0.25,-0.17450327932098797,-0.07666666666666667
-1.4583333333333333,0.375,-0.29950327932098797,-0.08466666666666667
-1.4583333333333333,0.5,-0.42450327932098797,-0.09266666666666667
-1.4583333333333333,0.625,-0.549503279320988,-0.10066666666666668
-1.4583333333333333,0.75,-0.674503279320988,-0.10866666666666668
-1.4583333333333333,0.875,-0.799503279320988,-0.11666666666666667
-1.4583333333333333,1.0,-0.924503279320988,-0.12466666666666668
-1.4583333333333333,1.125,-1.0495032793209877,-0.13266666666666668
-1.4583333333333333,1.25,-1.1745032793209877,-0.14066666666666666
-1.4583333333333333,1.375,-1.2995032793209877,-0.14866666666666667
-1.4583333333333333,1.5,-1.4245032793209877,-0.15666666666666668
-1.4583333333333333,1.625,-1.5495032793209877,-0.16466666666666668
-1.4583333333333333,1.75,-1.6745032793209877,-0.1726666666666667
-1.4583333333333333,1.875,-1.7995032793209877,-0.18066666666666667
-1.4583333333333333,2.0,-1.9245032793209877,-0.18866666666666668
-1.25,-1.0,0.9010416666666666,0.01999999999999999
-1.25,-0.875,0.7760416666666666,0.011999999999999983
-1.25,-0.75,0.6510416666666666,0.00399999999999999
-1.25,-0.625,0.5260416666666666,-0.0040000000000000036
-1.25,-0.5,0.40104166666666663,-0.01200000000000001
-1.25,-0.375,0.27604166666666663,-0.020000000000000018
-1.25,-0.25,0.15104166666666663,-0.02800000000000001
-1.25,-0.125,0.02604166666666663,-0.036000000000000004
-1.25,0.0,-0.09895833333333337,-0.04400000000000001
-1.25,0.125,-0.22395833333333337,-0.05200000000000001
-1.25,0.25,-0.34895833333333337,-0.06000000000000001
-1.25,0.375,-0.47395833333333337,-0.068
-1.25,0.5,-0.5989583333333334,-0.07600000000000001
-1.25,0.625,-0.7239583333333334,-0.08400000000000002
-1.25,0.75,-0.8489583333333334,-0.09200000000000001
-1.25,0.875,-0.9739583333333334,-0.1
-1.25,1.0,-1.0989583333333335,-0.10800000000000001
-1.25,1.125,-1.2239583333333335,-0.11600000000000002
-1.25,1.25,-1.3489583333333335,-0.12400000000000001
-1.25,1.375,-1.4739583333333335,-0.132
-1.25,1.5,-1.5989583333333335,-0.14
-1.25,1.625,-1.7239583333333335,-0.14800000000000002
-1.25,1.75,-1.8489583333333335,-0.15600000000000003
-1.25,1.875,-1.9739583333333335,-0.164
-1.25,2.0,-2.0989583333333335,-0.17200000000000001
-1.0416666666666667,-1.0,0.8350935570987654,0.03666666666666665
-1.0416666666666667,-0.875,0.7100935570987654,0.028666666666666646
-1.0416666666666667,-0.75,0.5850935570987654,0.020666666666666653
-1.0416666666666667,-0.625,0.4600935570987654,0.01266666666666666
-1.0416666666666667,-0.5,0.3350935570987654,0.004666666666666652
-1.0416666666666667,-0.375,0.21009355709876543,-0.003333333333333355
-1.0416666666666667,-0.25,0.08509355709876543,-0.011333333333333348
-1.0416666666666667,-0.125,-0.03990644290123457,-0.01933333333333334
-1.0416666666666667,0.0,-0.16490644290123457,-0.02733333333333335
-1.0416666666666667,0.125,-0.2899064429012346,-0.03533333333333335
-1.0416666666666667,0.25,-0.4149064429012346,-0.04333333333333335
-1.0416666666666667,0.375,-0.5399064429012346,-0.05133333333333335
-1.0416666666666667,0.5,-0.6649064429012346,-0.05933333333333335
-1.0416666666666667,0.625,-0.7899064429012346,-0.06733333333333336
-1.0416666666666667,0.75,-0.9149064429012346,-0.07533333333333335
-1.0416666666666667,0.875,-1.0399064429012346,-0.08333333333333334
-1.0416666666666667,1.0,-1.1649064429012346,-0.09133333333333335
-1.0416666666666667,1.125,-1.2899064429012346,-0.09933333333333336
-1.0416666666666667,1.25,-1.4149064429012346,-0.10733333333333335
-1.0416666666666667,1.375,-1.5399064429012346,-0.11533333333333334
-1.0416666666666667,1.5,-1.6649064429012348,-0.12333333333333335
-1.0416666666666667,1.625,-1.7899064429012348,-0.13133333333333336
-1.0416666666666667,1.75,-1.9149064429012348,-0.13933333333333336
-1.0416666666666667,1.875,-2.039906442901235,-0.14733333333333334
-1.0416666666666667,2.0,-2.164906442901235,-0.15533333333333335
-0.8333333333333334,-1.0,0.8595679012345678,0.05333333333333333
-0.8333333333333334,-0.875,0.7345679012345678,0.04533333333333332
-0.8333333333333334,-0.75,0.6095679012345678,0.03733333333333333
-0.8333333333333334,-0.625,0.4845679012345679,0.029333333333333336
-0.8333333333333334,-0.5,0.3595679012345679,0.02133333333333333
-0.8333333333333334,-0.375,0.2345679012345679,0.013333333333333322
-0.8333333333333334,-0.25,0.10956790123456789,0.005333333333333329
-0.8333333333333334,-0.125,-0.015432098765432112,-0.0026666666666666644
-0.8333333333333334,0.0,-0.1404320987654321,-0.010666666666666672
-0.8333333333333334,0.125,-0.2654320987654321,-0.01866666666666667
-0.8333333333333334,0.25,-0.3904320987654321,-0.026666666666666672
-0.8333333333333334,0.375,-0.5154320987654322,-0.03466666666666667
-0.8333333333333334,0.5,-0.6404320987654322,-0.04266666666666667
-0.8333333333333334,0.625,-0.7654320987654322,-0.05066666666666667
-0.8333333333333334,0.75,-0.8904320987654322,-0.05866666666666667
-0.8333333333333334,0.875,-1.0154320987654322,-0.06666666666666668
-0.8333333333333334,1.0,-1.1404320987654322,-0.07466666666666667
-0.8333333333333334,1.125,-1.2654320987654322,-0.08266666666666668
-0.8333333333333334,1.25,-1.3904320987654322,-0.09066666666666667
-0.8333333333333334,1.375,-1.5154320987654322,-0.09866666666666667
-0.8333333333333334,1.5,-1.6404320987654322,-0.10666666666666667
-0.8333333333333334,1.625,-1.7654320987654322,-0.11466666666666668
-0.8333333333333334,1.75,-1.8904320987654322,-0.12266666666666667
-0.8333333333333334,1.875,-2.0154320987654324,-0.13066666666666665
-0.8333333333333334,2.0,-2.1404320987654324,-0.13866666666666666
-0.625,-1.0,0.9563802083333334,0.06999999999999999
-0.625,-0.875,0.8313802083333334,0.061999999999999986
-0.625,-0.75,0.7063802083333334,0.05399999999999999
-0.625,-0.625,0.5813802083333334,0.046
-0.625,-0.5,0.4563802083333333,0.03799999999999999
-0.625,-0.375,0.3313802083333333,0.029999999999999985
-0.625,-0.25,0.20638020833333331,0.021999999999999992
-0.625,-0.125,0.08138020833333333,0.013999999999999999
-0.625,0.0,-0.04361979166666667,0.0059999999999999915
-0.625,0.125,-0.16861979166666669,-0.0020000000000000087
-0.625,0.25,-0.2936197916666667,-0.010000000000000009
-0.625,0.375,-0.4186197916666667,-0.01800000000000001
-0.625,0.5,-0.5436197916666666,-0.02600000000000001
-0.625,0.625,-0.6686197916666666,-0.03400000000000001
-0.625,0.75,-0.7936197916666666,-0.04200000000000001
-0.625,0.875,-0.9186197916666666,-0.05000000000000001
-0.625,1.0,-1.0436197916666667,-0.05800000000000001
-0.625,1.125,-1.1686197916666667,-0.06600000000000002
-0.625,1.25,-1.2936197916666667,-0.07400000000000001
-0.625,1.375,-1.4186197916666667,-0.082
-0.625,1.5,-1.5436197916666667,-0.09000000000000001
-0.625,1.625,-1.6686197916666667,-0.09800000000000002
-0.625,1.75,-1.7936197916666667,-0.10600000000000001
-0.625,1.875,-1.9186197916666667,-0.114
-0.625,2.0,-2.0436197916666665,-0.12200000000000001
-0.4166666666666667,-1.0,1.107445987654321,0.08666666666666667
-0.4166666666666667,-0.875,0.9824459876543209,0.07866666666666666
-0.4166666666666667,-0.75,0.8574459876543209,0.07066666666666666
-0.4166666666666667,-0.625,0.7324459876543209,0.06266666666666668
-0.4166666666666667,-0.5,0.6074459876543209,0.05466666666666666
-0.4166666666666667,-0.375,0.48244598765432095,0.046666666666666655
-0.4166666666666667,-0.25,0.35744598765432095,0.03866666666666666
-0.4166666666666667,-0.125,0.23244598765432098,0.03066666666666667
-0.4166666666666667,0.0,0.10744598765432098,0.02266666666666666
-0.4166666666666667,0.125,-0.017554012345679028,0.014666666666666661
-0.4166666666666667,0.25,-0.14255401234567902,0.006666666666666661
-0.4166666666666667,0.375,-0.26755401234567905,-0.0013333333333333391
-0.4166666666666667,0.5,-0.39255401234567905,-0.00933333333333334
-0.4166666666666667,0.625,-0.5175540123456791,-0.01733333333333334
-0.4166666666666667,0.75,-0.6425540123456791,-0.02533333333333334
-0.4166666666666667,0.875,-0.7675540123456791,-0.03333333333333334
-0.4166666666666667,1.0,-0.8925540123456791,-0.04133333333333334
-0.4166666666666667,1.125,-1.017554012345679,-0.04933333333333335
-0.4166666666666667,1.25,-1.142554012345679,-0.05733333333333334
-0.4166666666666667,1.375,-1.267554012345679,-0.06533333333333333
-0.4166666666666667,1.5,-1.392554012345679,-0.07333333333333333
-0.4166666666666667,1.625,-1.517554012345679,-0.08133333333333334
-0.4166666666666667,1.75,-1.642554012345679,-0.08933333333333335
-0.4166666666666667,1.875,-1.767554012345679,-0.09733333333333333
-0.4166666666666667,2.0,-1.892554012345679,-0.10533333333333333
-0.20833333333333334,-1.0,1.2946807484567902,0.10333333333333333
-0.20833333333333334,-0.875,1.1696807484567902,0.09533333333333333
-0.20833333333333334,-0.75,1.0446807484567902,0.08733333333333333
-0.20833333333333334,-0.625,0.91968074845679,0.07933333333333334
-0.20833333333333334,-0.5,0.79468074845679,0.07133333333333333
-0.20833333333333334,-0.375,0.66968074845679,0.06333333333333332
-0.20833333333333334,-0.25,0.54468074845679,0.05533333333333333
-0.20833333333333334,-0.125,0.4196807484567901,0.04733333333333334
-0.20833333333333334,0.0,0.2946807484567901,0.03933333333333333
-0.20833333333333334,0.125,0.16968074845679013,0.031333333333333324
-0.20833333333333334,0.25,0.04468074845679011,0.023333333333333327
-0.20833333333333334,0.375,-0.08031925154320989,0.015333333333333327
-0.20833333333333334,0.5,-0.20531925154320987,0.007333333333333327
-0.20833333333333334,0.625,-0.3303192515432099,-0.000666666666666673
-0.20833333333333334,0.75,-0.4553192515432099,-0.008666666666666673
-0.20833333333333334,0.875,-0.58031925154321,-0.016666666666666673
-0.20833333333333334,1.0,-0.70531925154321,-0.024666666666666674
-0.20833333333333334,1.125,-0.83031925154321,-0.03266666666666668
-0.20833333333333334,1.25,-0.95531925154321,-0.04066666666666667
-0.20833333333333334,1.375,-1.0803192515432098,-0.048666666666666664
-0.20833333333333334,1.5,-1.2053192515432098,-0.05666666666666667
-0.20833333333333334,1.625,-1.3303192515432098,-0.06466666666666668
-0.20833333333333334,1.75,-1.4553192515432098,-0.07266666666666667
-0.20833333333333334,1.875,-1.5803192515432098,-0.08066666666666666
-0.20833333333333334,2.0,-1.7053192515432098,-0.08866666666666667
0.0,-1.0,1.5,0.12
0.0,-0.875,1.375,0.11199999999999999
0.0,-0.75,1.25,0.104
0.0,-0.625,1.125,0.096
0.0,-0.5,1.0,0.088
0.0,-0.375,0.875,0.07999999999999999
0.0,-0.25,0.75,0.072
0.0,-0.125,0.625,0.064
0.0,0.0,0.5,0.055999999999999994
0.0,0.125,0.375,0.047999999999999994
0.0,0.25,0.25,0.039999999999999994
0.0,0.375,0.125,0.031999999999999994
0.0,0.5,0.0,0.023999999999999994
0.0,0.625,-0.125,0.015999999999999993
0.0,0.75,-0.25,0.007999999999999993
0.0,0.875,-0.375,-6.938893903907228e-18
0.0,1.0,-0.5,-0.008000000000000007
0.0,1.125,-0.625,-0.016000000000000014
0.0,1.25,-0.75,-0.024000000000000007
0.0,1.375,-0.875,-0.032
0.0,1.5,-1.0,-0.04000000000000001
0.0,1.625,-1.125,-0.048000000000000015
0.0,1.75,-1.25,-0.05600000000000001
0.0,1.875,-1.375,-0.064
0.0,2.0,-1.5,-0.07200000000000001
0.20833333333333334,-1.0,1.7053192515432098,0.13666666666666666
0.20833333333333334,-0.875,1.5803192515432098,0.12866666666666665
0.20833333333333334,-0.75,1.4553192515432098,0.12066666666666666
0.20833333333333334,-0.625,1.3303192515432098,0.11266666666666666
0.20833333333333334,-0.5,1.2053192515432098,0.10466666666666666
0.20833333333333334,-0.375,1.0803192515432098,0.09666666666666665
0.20833333333333334,-0.25,0.95531925154321,0.08866666666666666
0.20833333333333334,-0.125,0.83031925154321,0.08066666666666666
0.20833333333333334,0.0,0.70531925154321,0.07266666666666666
0.20833333333333334,0.125,0.58031925154321,0.06466666666666666
0.20833333333333334,0.25,0.4553192515432099,0.05666666666666666
0.20833333333333334,0.375,0.3303192515432099,0.048666666666666664
0.20833333333333334,0.5,0.20531925154320987,0.040666666666666657
0.20833333333333334,0.625,0.08031925154320989,0.03266666666666666
0.20833333333333334,0.75,-0.04468074845679011,0.02466666666666666
0.20833333333333334,0.875,-0.16968074845679013,0.01666666666666666
0.20833333333333334,1.0,-0.2946807484567901,0.00866666666666666
0.20833333333333334,1.125,-0.4196807484567901,0.0006666666666666522
0.20833333333333334,1.25,-0.54468074845679,-0.007333333333333341
0.20833333333333334,1.375,-0.66968074845679,-0.015333333333333334
0.20833333333333334,1.5,-0.79468074845679,-0.02333333333333334
0.20833333333333334,1.625,-0.91968074845679,-0.03133333333333335
0.20833333333333334,1.75,-1.0446807484567902,-0.039333333333333345
0.20833333333333334,1.875,-1.1696807484567902,-0.04733333333333334
0.20833333333333334,2.0,-1.2946807484567902,-0.055333333333333345
0.4166666666666667,-1.0,1.892554012345679,0.15333333333333332
0.4166666666666667,-0.875,1.767554012345679,0.14533333333333331
0.4166666666666667,-0.75,1.642554012345679,0.13733333333333334
0.4166666666666667,-0.625,1.517554012345679,0.12933333333333333
0.4166666666666667,-0.5,1.392554012345679,0.12133333333333332
0.4166666666666667,-0.375,1.267554012345679,0.11333333333333331
0.4166666666666667,-0.25,1.142554012345679,0.10533333333333333
0.4166666666666667,-0.125,1.017554012345679,0.09733333333333333
0.4166666666666667,0.0,0.8925540123456791,0.08933333333333332
0.4166666666666667,0.125,0.7675540123456791,0.08133333333333333
0.4166666666666667,0.25,0.6425540123456791,0.07333333333333333
0.4166666666666667,0.375,0.5175540123456791,0.06533333333333333
0.4166666666666667,0.5,0.39255401234567905,0.057333333333333326
0.4166666666666667,0.625,0.26755401234567905,0.049333333333333326
0.4166666666666667,0.75,0.14255401234567902,0.041333333333333326
0.4166666666666667,0.875,0.017554012345679028,0.033333333333333326
0.4166666666666667,1.0,-0.10744598765432098,0.025333333333333326
0.4166666666666667,1.125,-0.23244598765432098,0.01733333333333332
0.4166666666666667,1.25,-0.35744598765432095,0.009333333333333325
0.4166666666666667,1.375,-0.48244598765432095,0.0013333333333333322
0.4166666666666667,1.5,-0.6074459876543209,-0.006666666666666675
0.4166666666666667,1.625,-0.7324459876543209,-0.014666666666666682
0.4166666666666667,1.75,-0.8574459876543209,-0.022666666666666675
0.4166666666666667,1.875,-0.9824459876543209,-0.03066666666666667
0.4166666666666667,2.0,-1.107445987654321,-0.038666666666666676
0.625,-1.0,2.0436197916666665,0.16999999999999998
0.625,-0.875,1.9186197916666667,0.16199999999999998
0.625,-0.75,1.7936197916666667,0.154
0.625,-0.625,1.6686197916666667,0.14600000000000002
0.625,-0.5,1.5436197916666667,0.138
0.625,-0.375,1.4186197916666667,0.13
0.625,-0.25,1.2936197916666667,0.122
0.625,-0.125,1.1686197916666667,0.114
0.625,0.0,1.0436197916666667,0.106
0.625,0.125,0.9186197916666666,0.098
0.625,0.25,0.7936197916666666,0.09
0.625,0.375,0.6686197916666666,0.08199999999999999
0.625,0.5,0.5436197916666666,0.074
0.625,0.625,0.4186197916666667,0.066
0.625,0.75,0.2936197916666667,0.057999999999999996
0.625,0.875,0.16861979166666669,0.049999999999999996
0.625,1.0,0.04361979166666667,0.041999999999999996
0.625,1.125,-0.08138020833333333,0.03399999999999999
0.625,1.25,-0.20638020833333331,0.025999999999999995
0.625,1.375,-0.3313802083333333,0.018000000000000002
0.625,1.5,-0.4563802083333333,0.009999999999999995
0.625,1.625,-0.5813802083333334,0.001999999999999988
0.625,1.75,-0.7063802083333334,-0.006000000000000005
0.625,1.875,-0.8313802083333334,-0.013999999999999999
0.625,2.0,-0.9563802083333334,-0.022000000000000006
0.8333333333333334,-1.0,2.1404320987654324,0.18666666666666665
0.8333333333333334,-0.875,2.0154320987654324,0.17866666666666664
0.8333333333333334,-0.75,1.8904320987654322,0.17066666666666666
0.8333333333333334,-0.625,1.7654320987654322,0.16266666666666668
0.8333333333333334,-0.5,1.6404320987654322,0.15466666666666667
0.8333333333333334,-0.375,1.5154320987654322,0.14666666666666667
0.8333333333333334,-0.25,1.3904320987654322,0.13866666666666666
0.8333333333333334,-0.125,1.2654320987654322,0.13066666666666665
0.8333333333333334,0.0,1.1404320987654322,0.12266666666666666
0.8333333333333334,0.125,1.0154320987654322,0.11466666666666667
0.8333333333333334,0.25,0.8904320987654322,0.10666666666666666
0.8333333333333334,0.375,0.7654320987654322,0.09866666666666665
0.8333333333333334,0.5,0.6404320987654322,0.09066666666666666
0.8333333333333334,0.625,0.5154320987654322,0.08266666666666667
0.8333333333333334,0.75,0.3904320987654321,0.07466666666666666
0.8333333333333334,0.875,0.2654320987654321,0.06666666666666665
0.8333333333333334,1.0,0.1404320987654321,0.05866666666666666
0.8333333333333334,1.125,0.015432098765432112,0.05066666666666665
0.8333333333333334,1.25,-0.10956790123456789,0.04266666666666666
0.8333333333333334,1.375,-0.2345679012345679,0.034666666666666665
0.8333333333333334,1.5,-0.3595679012345679,0.026666666666666658
0.8333333333333334,1.625,-0.4845679012345679,0.01866666666666665
0.8333333333333334,1.75,-0.6095679012345678,0.010666666666666658
0.8333333333333334,1.875,-0.7345679012345678,0.0026666666666666644
0.8333333333333334,2.0,-0.8595679012345678,-0.005333333333333343
1.0416666666666667,-1.0,2.164906442901235,0.20333333333333334
1.0416666666666667,-0.875,2.039906442901235,0.19533333333333333
1.0416666666666667,-0.75,1.9149064429012348,0.18733333333333335
1.0416666666666667,-0.625,1.7899064429012348,0.17933333333333334
1.0416666666666667,-0.5,1.6649064429012348,0.17133333333333334
1.0416666666666667,-0.375,1.5399064429012346,0.16333333333333333
1.0416666666666667,-0.25,1.4149064429012346,0.15533333333333332
1.0416666666666667,-0.125,1.2899064429012346,0.14733333333333334
1.0416666666666667,0.0,1.1649064429012346,0.13933333333333334
1.0416666666666667,0.125,1.0399064429012346,0.13133333333333333
1.0416666666666667,0.25,0.9149064429012346,0.12333333333333334
1.0416666666666667,0.375,0.7899064429012346,0.11533333333333334
1.0416666666666667,0.5,0.6649064429012346,0.10733333333333334
1.0416666666666667,0.625,0.5399064429012346,0.09933333333333333
1.0416666666666667,0.75,0.4149064429012346,0.09133333333333334
1.0416666666666667,0.875,0.2899064429012346,0.08333333333333334
1.0416666666666667,1.0,0.16490644290123457,0.07533333333333334
1.0416666666666667,1.125,0.03990644290123457,0.06733333333333333
1.0416666666666667,1.25,-0.08509355709876543,0.059333333333333335
1.0416666666666667,1.375,-0.21009355709876543,0.05133333333333334
1.0416666666666667,1.5,-0.3350935570987654,0.043333333333333335
1.0416666666666667,1.625,-0.4600935570987654,0.03533333333333333
1.0416666666666667,1.75,-0.5850935570987654,0.027333333333333334
1.0416666666666667,1.875,-0.7100935570987654,0.01933333333333334
1.0416666666666667,2.0,-0.8350935570987654,0.011333333333333334
1.25,-1.0,2.0989583333333335,0.22
1.25,-0.875,1.9739583333333335,0.212
1.25,-0.75,1.8489583333333335,0.20400000000000001
1.25,-0.625,1.7239583333333335,0.196
1.25,-0.5,1.5989583333333335,0.188
1.25,-0.375,1.4739583333333335,0.18
1.25,-0.25,1.3489583333333335,0.172
1.25,-0.125,1.2239583333333335,0.164
1.25,0.0,1.0989583333333335,0.156
1.25,0.125,0.9739583333333334,0.148
1.25,0.25,0.8489583333333334,0.14
1.25,0.375,0.7239583333333334,0.132
1.25,0.5,0.5989583333333334,0.124
1.25,0.625,0.47395833333333337,0.11599999999999999
1.25,0.75,0.34895833333333337,0.108
1.25,0.875,0.22395833333333337,0.1
1.25,1.0,0.09895833333333337,0.092
1.25,1.125,-0.02604166666666663,0.08399999999999999
1.25,1.25,-0.15104166666666663,0.076
1.25,1.375,-0.27604166666666663,0.068
1.25,1.5,-0.40104166666666663,0.06
1.25,1.625,-0.5260416666666666,0.05199999999999999
1.25,1.75,-0.6510416666666666,0.044
1.25,1.875,-0.7760416666666666,0.036000000000000004
1.25,2.0,-0.9010416666666666,0.027999999999999997
1.4583333333333333,-1.0,1.9245032793209877,0.23666666666666666
1.4583333333333333,-0.875,1.7995032793209877,0.22866666666666666
1.4583333333333333,-0.75,1.6745032793209877,0.22066666666666668
1.4583333333333333,-0.625,1.5495032793209877,0.21266666666666667
1.4583333333333333,-0.5,1.4245032793209877,0.20466666666666666
1.4583333333333333,-0.375,1.2995032793209877,0.19666666666666666
1.4583333333333333,-0.25,1.1745032793209877,0.18866666666666665
1.4583333333333333,-0.125,1.0495032793209877,0.18066666666666667
1.4583333333333333,0.0,0.924503279320988,0.17266666666666666
1.4583333333333333,0.125,0.799503279320988,0.16466666666666666
1.4583333333333333,0.25,0.674503279320988,0.15666666666666668
1.4583333333333333,0.375,0.549503279320988,0.14866666666666667
1.4583333333333333,0.5,0.42450327932098797,0.14066666666666666
1.4583333333333333,0.625,0.29950327932098797,0.13266666666666665
1.4583333333333333,0.75,0.17450327932098797,0.12466666666666666
1.4583333333333333,0.875,0.04950327932098797,0.11666666666666667
1.4583333333333333,1.0,-0.07549672067901203,0.10866666666666666
1.4583333333333333,1.125,-0.20049672067901203,0.10066666666666665
1.4583333333333333,1.25,-0.32549672067901203,0.09266666666666666
1.4583333333333333,1.375,-0.45049672067901203,0.08466666666666667
1.4583333333333333,1.5,-0.575496720679012,0.07666666666666666
1.4583333333333333,1.625,-0.700496720679012,0.06866666666666665
1.4583333333333333,1.75,-0.825496720679012,0.06066666666666666
1.4583333333333333,1.875,-0.950496720679012,0.05266666666666667
1.4583333333333333,2.0,-1.075496720679012,0.04466666666666666
1.6666666666666667,-1.0,1.623456790123457,0.2533333333333333
1.6666666666666667,-0.875,1.498456790123457,0.24533333333333332
1.6666666666666667,-0.75,1.373456790123457,0.23733333333333334
1.6666666666666667,-0.625,1.248456790123457,0.22933333333333333
1.6666666666666667,-0.5,1.123456790123457,0.22133333333333333
1.6666666666666667,-0.375,0.9984567901234569,0.21333333333333332
1.6666666666666667,-0.25,0.8734567901234569,0.2053333333333333
1.6666666666666667,-0.125,0.7484567901234569,0.19733333333333333
1.6666666666666667,0.0,0.6234567901234569,0.18933333333333333
1.6666666666666667,0.125,0.4984567901234569,0.18133333333333332
1.6666666666666667,0.25,0.3734567901234567,0.17333333333333334
1.6666666666666667,0.375,0.24845679012345667,0.16533333333333333
1.6666666666666667,0.5,0.12345679012345667,0.15733333333333333
1.6666666666666667,0.625,-0.0015432098765433278,0.14933333333333332
1.6666666666666667,0.75,-0.12654320987654333,0.1413333333333333
1.6666666666666667,0.875,-0.2515432098765433,0.13333333333333333
1.6666666666666667,1.0,-0.3765432098765433,0.12533333333333332
1.6666666666666667,1.125,-0.5015432098765433,0.11733333333333332
1.6666666666666667,1.25,-0.6265432098765433,0.10933333333333332
1.6666666666666667,1.375,-0.7515432098765433,0.10133333333333333
1.6666666666666667,1.5,-0.8765432098765433,0.09333333333333332
1.6666666666666667,1.625,-1.0015432098765433,0.08533333333333332
1.6666666666666667,1.75,-1.1265432098765433,0.07733333333333332
1.6666666666666667,1.875,-1.2515432098765433,0.06933333333333333
1.6666666666666667,2.0,-1.3765432098765433,0.06133333333333332
1.875,-1.0,1.177734375,0.27
1.875,-0.875,1.052734375,0.262
1.875,-0.75,0.927734375,0.254
1.875,-0.625,0.802734375,0.246
1.875,-0.5,0.677734375,0.238
1.875,-0.375,0.552734375,0.22999999999999998
1.875,-0.25,0.427734375,0.22199999999999998
1.875,-0.125,0.302734375,0.214
1.875,0.0,0.177734375,0.206
1.875,0.125,0.052734375,0.19799999999999998
1.875,0.25,-0.072265625,0.19
1.875,0.375,-0.197265625,0.182
1.875,0.5,-0.322265625,0.174
1.875,0.625,-0.447265625,0.16599999999999998
1.875,0.75,-0.572265625,0.15799999999999997
1.875,0.875,-0.697265625,0.15
1.875,1.0,-0.822265625,0.142
1.875,1.125,-0.947265625,0.13399999999999998
1.875,1.25,-1.072265625,0.126
1.875,1.375,-1.197265625,0.118
1.875,1.5,-1.322265625,0.10999999999999999
1.875,1.625,-1.447265625,0.10199999999999998
1.875,1.75,-1.572265625,0.09399999999999999
1.875,1.875,-1.697265625,0.086
1.875,2.0,-1.822265625,0.07799999999999999
2.0833333333333335,-1.0,0.5692515432098761,0.2866666666666667
2.0833333333333335,-0.875,0.44425154320987614,0.2786666666666667
2.0833333333333335,-0.75,0.31925154320987614,0.27066666666666667
2.0833333333333335,-0.625,0.19425154320987614,0.2626666666666667
2.0833333333333335,-0.5,0.06925154320987614,0.2546666666666667
2.0833333333333335,-0.375,-0.05574845679012386,0.24666666666666667
2.0833333333333335,-0.25,-0.18074845679012386,0.2386666666666667
2.0833333333333335,-0.125,-0.30574845679012386,0.2306666666666667
2.0833333333333335,0.0,-0.43074845679012386,0.22266666666666668
2.0833333333333335,0.125,-0.5557484567901239,0.21466666666666667
2.0833333333333335,0.25,-0.6807484567901239,0.20666666666666667
2.0833333333333335,0.375,-0.8057484567901239,0.19866666666666669
2.0833333333333335,0.5,-0.9307484567901239,0.19066666666666668
2.0833333333333335,0.625,-1.0557484567901239,0.18266666666666667
2.0833333333333335,0.75,-1.1807484567901239,0.1746666666666667
2.0833333333333335,0.875,-1.3057484567901239,0.16666666666666669
2.0833333333333335,1.0,-1.4307484567901239,0.15866666666666668
2.0833333333333335,1.125,-1.5557484567901239,0.15066666666666667
2.0833333333333335,1.25,-1.6807484567901239,0.14266666666666666
2.0833333333333335,1.375,-1.8057484567901239,0.13466666666666668
2.0833333333333335,1.5,-1.9307484567901239,0.12666666666666668
2.0833333333333335,1.625,-2.055748456790124,0.11866666666666667
2.0833333333333335,1.75,-2.180748456790124,0.11066666666666668
2.0833333333333335,1.875,-2.305748456790124,0.10266666666666668
2.0833333333333335,2.0,-2.430748456790124,0.09466666666666668
2.2916666666666665,-1.0,-0.22007619598765382,0.30333333333333334
2.2916666666666665,-0.875,-0.3450761959876538,0.29533333333333334
2.2916666666666665,-0.75,-0.4700761959876538,0.28733333333333333
2.2916666666666665,-0.625,-0.5950761959876538,0.2793333333333333
2.2916666666666665,-0.5,-0.7200761959876538,0.2713333333333333
2.2916666666666665,-0.375,-0.8450761959876538,0.2633333333333333
2.2916666666666665,-0.25,-0.9700761959876538,0.2553333333333333
2.2916666666666665,-0.125,-1.0950761959876538,0.24733333333333332
2.2916666666666665,0.0,-1.2200761959876538,0.23933333333333331
2.2916666666666665,0.125,-1.3450761959876538,0.2313333333333333
2.2916666666666665,0.25,-1.4700761959876538,0.22333333333333333
2.2916666666666665,0.375,-1.5950761959876538,0.21533333333333332
2.2916666666666665,0.5,-1.7200761959876538,0.20733333333333331
2.2916666666666665,0.625,-1.8450761959876538,0.1993333333333333
2.2916666666666665,0.75,-1.9700761959876538,0.1913333333333333
2.2916666666666665,0.875,-2.095076195987654,0.18333333333333332
2.2916666666666665,1.0,-2.220076195987654,0.1753333333333333
2.2916666666666665,1.125,-2.345076195987654,0.1673333333333333
2.2916666666666665,1.25,-2.470076195987654,0.15933333333333333
2.2916666666666665,1.375,-2.595076195987654,0.15133333333333332
2.2916666666666665,1.5,-2.720076195987654,0.1433333333333333
2.2916666666666665,1.625,-2.845076195987654,0.1353333333333333
2.2916666666666665,1.75,-2.970076195987654,0.1273333333333333
2.2916666666666665,1.875,-3.095076195987654,0.11933333333333332
2.2916666666666665,2.0,-3.220076195987654,0.11133333333333331
2.5,-1.0,-1.208333333333333,0.32
2.5,-0.875,-1.333333333333333,0.312
2.5,-0.75,-1.458333333333333,0.304
2.5,-0.625,-1.583333333333333,0.29600000000000004
2.5,-0.5,-1.708333333333333,0.28800000000000003
2.5,-0.375,-1.833333333333333,0.28
2.5,-0.25,-1.958333333333333,0.272
2.5,-0.125,-2.083333333333333,0.264
2.5,0.0,-2.208333333333333,0.256
2.5,0.125,-2.333333333333333,0.248
2.5,0.25,-2.458333333333333,0.24
2.5,0.375,-2.583333333333333,0.232
2.5,0.5,-2.708333333333333,0.224
2.5,0.625,-2.833333333333333,0.216
2.5,0.75,-2.958333333333333,0.20800000000000002
2.5,0.875,-3.083333333333333,0.2
2.5,1.0,-3.208333333333333,0.192
2.5,1.125,-3.333333333333333,0.184
2.5,1.25,-3.458333333333333,0.176
2.5,1.375,-3.583333333333333,0.168
2.5,1.5,-3.708333333333333,0.16
2.5,1.625,-3.833333333333333,0.152
2.5,1.75,-3.958333333333333,0.14400000000000002
2.5,1.875,-4.083333333333333,0.136
2.5,2.0,-4.208333333333333,0.128
