plane,window_size,f_blow,basin,J_min,J_max
v_v3,1,0.375974200483741,0.009406073636119323,0.01773109828394226,388.5051779119847
v_v3,2,0.3867239989250202,0.005643644181671593,0.020915482849303117,41.717715932640814
v_v3,3,0.389142703574308,0.00429991937651169,0.021823148670987533,44.48770360093002
v_v3,4,0.388605213652244,0.002418704649287826,0.018745303613809015,50.587022121781054
v_v3,5,0.38941144853533993,0.0018812147272238647,0.020895430727674334,53.685820124639605
v_v3,6,0.38994893845740397,0.0026874496103198066,0.06429552157442135,52.6256650485879
v_v3,8,0.38968019349637195,0.0008062348830959419,0.022962069289866327,56.53061257314543
v_v3,10,0.38968019349637195,0.0008062348830959419,0.01543365226590483,63.55358758459796
v_v3,12,0.38994893845740397,0.002149959688255845,0.04031659709999312,61.83133614791282
v_v3,15,0.38994893845740397,0.0005374899220639613,0.01920165040126555,75.09684672057682
v_v3,20,0.38968019349637195,0.0013437248051599033,0.01940981575471948,69.37516490469092
v_v3,25,0.38994893845740397,0.0002687449610319806,0.020700188701984125,84.82564274429977
v_v3,33,0.38994893845740397,0.0002687449610319806,0.02275075821180186,91.30808827179486
v_v3,50,0.38968019349637195,0.0002687449610319806,0.02728570980472099,79.77226960365869
v_v3,75,0.38994893845740397,0.0002687449610319806,0.016796329228972662,89.39940269921502
v_v3,100,0.38968019349637195,0.0002687449610319806,0.017576201469118733,83.01556054336919
v_v2,1,0.0,0.017737167428110722,0.01773109828394226,3.9814245251158797
v_v2,2,0.0,0.011018543402311207,0.020915482849303117,4.487247232896193
v_v2,3,0.0,0.0064498790647675355,0.021600168216777987,4.571463323342121
v_v2,4,0.0,0.002956194571351787,0.018745303613809015,5.708914694601153
v_v2,5,0.0,0.002956194571351787,0.020895430727674334,6.584121790218478
v_v2,6,0.0,0.002956194571351787,0.0659221796346936,6.5338731534958265
v_v2,8,0.0,0.0013437248051599033,0.022962069289866327,6.515411698728905
v_v2,10,0.0,0.0008062348830959419,0.01543365226590483,10.164417664502087
v_v2,12,0.0,0.0008062348830959419,0.02214935682868552,8.988927544683698
v_v2,15,0.0,0.0005374899220639613,0.017982285097986803,11.78378853429971
v_v2,20,0.0,0.00403117441547971,0.01921919043197555,13.947963396425546
v_v2,25,0.0,0.0008062348830959419,0.014443610769901643,15.499640267461768
v_v2,33,0.0,0.0018812147272238647,0.021844397661316947,19.742443510880587
v_v2,50,0.0,0.0008062348830959419,0.016229672943782657,16.91609766565791
v_v2,75,0.0,0.0018812147272238647,0.016796329228972662,16.09844342733453
v_v2,100,0.0,0.0016124697661918839,0.017576201469118733,18.05201286133963
v3_v2,1,0.3367374361730717,0.01263101316850309,0.01773109828394226,421.0335076872523
v3_v2,2,0.34238108035474335,0.010212308519215264,0.020915482849303117,467.3684819643629
v3_v2,3,0.3437248051599032,0.007256113947863478,0.021600168216777987,481.6145761802545
v3_v2,4,0.34399355012093524,0.004837409298575652,0.018745303613809015,857.6285127180028
v3_v2,5,0.34426229508196726,0.0034936844934157483,0.020895430727674334,221.36913740374553
v3_v2,6,0.34426229508196726,0.006181134103735555,0.07136489148266649,231.25895233880982
v3_v2,8,0.34426229508196726,0.0016124697661918839,0.022962069289866327,256.18728716056944
v3_v2,10,0.34426229508196726,0.0013437248051599033,0.01543365226590483,282.42656794581166
v3_v2,12,0.34426229508196726,0.0018812147272238647,0.02214935682868552,257.0041374976867
v3_v2,15,0.34426229508196726,0.0010749798441279225,0.017982285097986803,298.1805254250505
v3_v2,20,0.34426229508196726,0.007524858908895459,0.01921919043197555,353.76782427957966
v3_v2,25,0.34426229508196726,0.0008062348830959419,0.014443610769901643,399.12988314912815
v3_v2,33,0.34426229508196726,0.0026874496103198066,0.021844397661316947,437.9088942641201
v3_v2,50,0.34426229508196726,0.0010749798441279225,0.016229672943782657,582.6828128913012
v3_v2,75,0.34426229508196726,0.0018812147272238647,0.016796329228972662,582.5311459148876
v3_v2,100,0.34426229508196726,0.002149959688255845,0.017576201469118733,661.282274789979
w_v,1,0.0,0.012899758129535071,0.01773109828394226,2.2064986394042645
w_v,2,0.0,0.006181134103735555,0.020915482849303117,2.7713300304955073
w_v,3,0.0,0.00403117441547971,0.021823148670987533,4.000812671762321
w_v,4,0.0,0.0016124697661918839,0.018745303613809015,4.156596652094443
w_v,5,0.0,0.0018812147272238647,0.020895430727674334,5.602965864532485
w_v,6,0.0,0.0018812147272238647,0.0659221796346936,5.656412717139251
w_v,8,0.0,0.0005374899220639613,0.022962069289866327,5.479203324814509
w_v,10,0.0,0.0005374899220639613,0.01543365226590483,7.942530020088189
w_v,12,0.0,0.0002687449610319806,0.0235231831415469,10.31950543496427
w_v,15,0.0,0.0005374899220639613,0.02224764669442469,13.157709981597687
w_v,20,0.0,0.0013437248051599033,0.01940981575471948,9.239566214369125
w_v,25,0.0,0.0005374899220639613,0.020700188701984125,17.369732386564298
w_v,33,0.0,0.0008062348830959419,0.02275075821180186,20.48135248393148
w_v,50,0.0,0.0005374899220639613,0.02728570980472099,12.037102839720003
w_v,75,0.0,0.0013437248051599033,0.016796329228972662,18.355312466250357
w_v,100,0.0,0.0010749798441279225,0.017576201469118733,18.221649911465736
c_w,1,0.0,0.01263101316850309,0.01773109828394226,2.7933141331919678
c_w,2,0.0,0.00429991937651169,0.020915482849303117,6.235689771150831
c_w,3,0.0,0.002956194571351787,0.021823148670987533,7.670950772210008
c_w,4,0.0,0.0010749798441279225,0.018745303613809015,8.582008829882405
c_w,5,0.0,0.0010749798441279225,0.020895430727674334,9.148720005018609
c_w,6,0.0,0.002149959688255845,0.0867531854788596,9.53047268664481
c_w,8,0.0,0.0005374899220639613,0.022962069289866327,10.273372212768205
c_w,10,0.0,0.0002687449610319806,0.01543365226590483,11.023045507003252
c_w,12,0.0,0.0016124697661918839,0.06067313644252304,11.86811834260064
c_w,15,0.0,0.0005374899220639613,0.02224764669442469,12.763407421422711
c_w,20,0.0,0.0008062348830959419,0.01940981575471948,14.083495069123877
c_w,25,0.0,0.0002687449610319806,0.020700188701984125,16.13517314701596
c_w,33,0.0,0.0002687449610319806,0.02275075821180186,18.561717840863693
c_w,50,0.0,0.0002687449610319806,0.02728570980472099,19.260738545212888
c_w,75,0.0,0.0002687449610319806,0.016796329228972662,21.285635812280173
c_w,100,0.0,0.0002687449610319806,0.017576201469118733,23.77692939267881
wv_ww,1,0.0,0.08868583714055361,0.01773109828394226,0.5995216561133154
wv_ww,2,0.0,0.03278688524590164,0.02081570639329574,2.2702353294115682
wv_ww,3,0.0,0.01585595270088686,0.02178230920515756,6.265301982967348
wv_ww,4,0.0,0.004568664337543671,0.016564447372136606,14.97117017513626
wv_ww,5,0.0,0.00429991937651169,0.020895430727674334,30.71608900690554
wv_ww,6,0.0,0.005106154259607632,0.08050594721917187,66.140444340459
wv_ww,8,0.0,0.0010749798441279225,0.02024906589385784,259.0635984532664
wv_ww,10,0.0018812147272239121,0.0002687449610319806,0.01543365226590483,880.2392513003855
wv_ww,12,0.02741198602526207,0.0010749798441279225,0.05324605311122358,869.9781319161191
wv_ww,15,0.07686105885514649,0.0005374899220639613,0.02224764669442469,681.1579813636114
wv_ww,20,0.12039774254232738,0.0002687449610319806,0.01940981575471948,861.6202526184768
wv_ww,25,0.18677774791722657,0.0002687449610319806,0.020700188701984125,948.475213587885
wv_ww,33,0.2257457672668638,0.0005374899220639613,0.02275075821180186,986.9637835827278
wv_ww,50,0.2555764579414136,0.0002687449610319806,0.02728570980472099,971.4013283144835
wv_ww,75,0.27411986025262025,0.0002687449610319806,0.016796329228972662,947.442986278742
wv_ww,100,0.28433216877183554,0.0002687449610319806,0.017576201469118733,965.8608350890826
v_wv,1,0.0,0.02123085192152647,0.01773109828394226,2.5670103350460867
v_wv,2,0.0,0.010481053480247245,0.020915482849303117,4.42612138288197
v_wv,3,0.0,0.0064498790647675355,0.021823148670987533,6.661811285894851
v_wv,4,0.0,0.0026874496103198066,0.018745303613809015,9.718184575228856
v_wv,5,0.0,0.002149959688255845,0.020895430727674334,14.080251142451555
v_wv,6,0.0,0.002418704649287826,0.05801252525665339,16.681240199393184
v_wv,8,0.0,0.0008062348830959419,0.022962069289866327,25.698691983126068
v_wv,10,0.0,0.0005374899220639613,0.01543365226590483,35.97866104143938
v_wv,12,0.0,0.0010749798441279225,0.052799080551344954,44.232558453677
v_wv,15,0.0,0.0002687449610319806,0.02224764669442469,57.42726918454657
v_wv,20,0.0,0.0005374899220639613,0.01940981575471948,91.10170293138465
v_wv,25,0.0,0.0002687449610319806,0.020700188701984125,117.84314579098826
v_wv,33,0.0,0.0002687449610319806,0.02275075821180186,160.21666326014807
v_wv,50,0.0,0.0002687449610319806,0.02728570980472099,261.19222761063713
v_wv,75,0.0,0.0002687449610319806,0.016796329228972662,292.71222054489186
v_wv,100,0.0,0.0002687449610319806,0.017576201469118733,415.8835505887128
w_wv,1,0.0,0.027680730986294005,0.01773109828394226,1.5174405327901692
w_wv,2,0.0,0.010212308519215264,0.020915482849303117,3.5138884012313
w_wv,3,0.0,0.006181134103735555,0.021823148670987533,5.025400560744314
w_wv,4,0.0,0.002956194571351787,0.018745303613809015,5.882289326969774
w_wv,5,0.0,0.002418704649287826,0.020895430727674334,8.657799823514074
w_wv,6,0.0,0.002956194571351787,0.08050594721917187,12.123622677146107
w_wv,8,0.0,0.0008062348830959419,0.022962069289866327,20.9301518621277
w_wv,10,0.0,0.0002687449610319806,0.01543365226590483,28.791606497085226
w_wv,12,0.0,0.0013437248051599033,0.06067313644252304,42.38824948063889
w_wv,15,0.0,0.0005374899220639613,0.02224764669442469,60.2364288532721
w_wv,20,0.0,0.0005374899220639613,0.01940981575471948,109.09867034151739
w_wv,25,0.0,0.0002687449610319806,0.020700188701984125,158.80137296914268
w_wv,33,0.0,0.0002687449610319806,0.02275075821180186,228.77700533122263
w_wv,50,0.00026874496103201917,0.0002687449610319806,0.02728570980472099,381.118186793878
w_wv,75,0.0024187046492878395,0.0002687449610319806,0.016796329228972662,433.70650232861584
w_wv,100,0.003224939532383786,0.0002687449610319806,0.017576201469118733,616.4642557327619
v3_w3,1,0.3206127385111529,0.007524858908895459,0.01773109828394226,902.0370315211053
v3_w3,2,0.3410373555495835,0.005106154259607632,0.020915482849303117,879.7661595872199
v3_w3,3,0.3576995431335662,0.0032249395323837677,0.021823148670987533,931.330867699375
v3_w3,4,0.36710561676968556,0.0026874496103198066,0.018745303613809015,976.0733566420986
v3_w3,5,0.3770491803278688,0.0018812147272238647,0.020895430727674334,975.7643330165996
v3_w3,6,0.3872614888470841,0.00403117441547971,0.07519078840892657,994.88264101853
v3_w3,8,0.4146734748723462,0.0008062348830959419,0.022962069289866327,888.4204969701464
v3_w3,10,0.4329481322225208,0.0005374899220639613,0.01543365226590483,981.5704795692417
v3_w3,12,0.4496103198065037,0.0005374899220639613,0.03682360537971691,872.1425409905878
v3_w3,15,0.47379736629938185,0.0005374899220639613,0.02224764669442469,870.9019203016835
v3_w3,20,0.5087342112335393,0.0010749798441279225,0.01940981575471948,887.4915824236094
v3_w3,25,0.5321150228433217,0.0005374899220639613,0.020700188701984125,894.5802377694531
v3_w3,33,0.55495834453104,0.0005374899220639613,0.02275075821180186,618.5829653216848
v3_w3,50,0.5794141359849503,0.0005374899220639613,0.02728570980472099,508.6324137949731
v3_w3,75,0.5944638538027411,0.0002687449610319806,0.016796329228972662,401.985518414185
v3_w3,100,0.6025262026337006,0.0002687449610319806,0.017576201469118733,360.8240233340012
v3_vw,1,0.320075248589089,0.01639344262295082,0.01773109828394226,635.7763883498332
v3_vw,2,0.3294813222252083,0.010212308519215264,0.020915482849303117,786.0054068760963
v3_vw,3,0.33351249664068794,0.006181134103735555,0.02102841108474575,941.2999132181083
v3_vw,4,0.3434560601988713,0.0026874496103198066,0.017670882687202766,921.9206122703658
v3_vw,5,0.34426229508196726,0.0037624294544477293,0.020895430727674334,23.755103031601923
v3_vw,6,0.34426229508196726,0.005374899220639613,0.0744077709912215,25.1683189070569
v3_vw,8,0.34426229508196726,0.0013437248051599033,0.022962069289866327,41.95329290823155
v3_vw,10,0.34426229508196726,0.0010749798441279225,0.01543365226590483,50.318576872887824
v3_vw,12,0.34426229508196726,0.0013437248051599033,0.025788698866179214,62.67220081756354
v3_vw,15,0.34426229508196726,0.0013437248051599033,0.02224764669442469,76.77032191717646
v3_vw,20,0.34426229508196726,0.0026874496103198066,0.018732720227643607,129.42839208229123
v3_vw,25,0.34426229508196726,0.0013437248051599033,0.019399036048592073,194.02803063933035
v3_vw,33,0.34560601988712714,0.0018812147272238647,0.02275075821180186,387.3308822900609
v3_vw,50,0.34748723461435094,0.0018812147272238647,0.02728570980472099,463.7547776217875
v3_vw,75,0.3499059392636388,0.0016124697661918839,0.016796329228972662,454.0818904933435
v3_vw,100,0.35098091910776674,0.0008062348830959419,0.017576201469118733,690.9156770182592
c_wc,1,0.0,0.03708680462241333,0.01773109828394226,2.4972068402818244
c_wc,2,0.0,0.015587207739854878,0.02090815327433544,5.193260798294955
c_wc,3,0.0,0.009137328675087342,0.021315607033628354,6.826314524277685
c_wc,4,0.0,0.00429991937651169,0.018745303613809015,7.637376610634466
c_wc,5,0.0,0.0026874496103198066,0.020895430727674334,8.232903889328723
c_wc,6,0.0,0.0034936844934157483,0.0617788066508355,8.505016361523525
c_wc,8,0.0,0.0008062348830959419,0.022962069289866327,8.924704571495644
c_wc,10,0.0,0.0005374899220639613,0.01543365226590483,9.317694579054411
c_wc,12,0.0,0.002149959688255845,0.05349616137394521,9.666843362341499
c_wc,15,0.0,0.0002687449610319806,0.02224764669442469,9.934373035994884
c_wc,20,0.0,0.0010749798441279225,0.01940981575471948,10.353769983051135
c_wc,25,0.0,0.0002687449610319806,0.020700188701984125,10.393559530711084
c_wc,33,0.0,0.0002687449610319806,0.02275075821180186,10.374969524055942
c_wc,50,0.0,0.0002687449610319806,0.02728570980472099,11.334958189253884
c_wc,75,0.0,0.0002687449610319806,0.016796329228972662,10.914049377921438
c_wc,100,0.0,0.0002687449610319806,0.017576201469118733,11.53352398878147
v2_w2,1,0.0,0.031174415479709755,0.01773109828394226,2.6427823683804155
v2_w2,2,0.0,0.019080892233270627,0.020915482849303117,8.57887090220605
v2_w2,3,0.0,0.011556033324375168,0.021600168216777987,20.493744920426973
v2_w2,4,0.0,0.0064498790647675355,0.018745303613809015,42.230780692829995
v2_w2,5,0.0,0.004837409298575652,0.020895430727674334,72.75722495508543
v2_w2,6,0.0,0.00806234883095942,0.0781155010988932,121.66922032244864
v2_w2,8,0.0,0.0013437248051599033,0.022962069289866327,279.7234953848243
v2_w2,10,0.0,0.0010749798441279225,0.01543365226590483,551.4592364814636
v2_w2,12,0.0,0.0008062348830959419,0.02214935682868552,861.8128674181647
v2_w2,15,0.00913732867508732,0.0005374899220639613,0.017982285097986803,994.4564248072511
v2_w2,20,0.07148615963450689,0.002149959688255845,0.01921919043197555,999.1731150614143
v2_w2,25,0.166353130878796,0.0008062348830959419,0.014443610769901643,999.6029893068361
v2_w2,33,0.292125772641763,0.0018812147272238647,0.021844397661316947,995.5581521616454
v2_w2,50,0.4375167965600645,0.0008062348830959419,0.016229672943782657,999.9518220327438
v2_w2,75,0.5044342918570277,0.0018812147272238647,0.016796329228972662,997.8773972939651
v2_w2,100,0.5675893576995431,0.0016124697661918839,0.017576201469118733,997.7732188398062
vw_v2w,1,0.0,0.03574307981725343,0.01773109828394226,3.471741235763649
vw_v2w,2,0.0,0.02418704649287826,0.020915482849303117,4.907715035895535
vw_v2w,3,0.0,0.015587207739854878,0.02102841108474575,7.366298585144459
vw_v2w,4,0.0,0.0067186240257995165,0.01684304077998691,7.966748103027126
vw_v2w,5,0.0024187046492878395,0.0083310937919914,0.020895430727674334,290.7300490537031
vw_v2w,6,0.021768341843590444,0.009943563558183283,0.06781805787650186,331.5815579287152
vw_v2w,8,0.07578607901101853,0.0018812147272238647,0.019321330120530396,331.16594425645695
vw_v2w,10,0.11475409836065575,0.0018812147272238647,0.01543365226590483,565.3263625751932
vw_v2w,12,0.15130341306100514,0.0026874496103198066,0.025532805595892286,75.16874589223
vw_v2w,15,0.18274657350174683,0.0010749798441279225,0.015413081790014702,24.638202451718392
vw_v2w,20,0.1612469766191884,0.0032249395323837677,0.018732720227643607,16.14526487051077
vw_v2w,25,0.2397205052405268,0.0013437248051599033,0.019399036048592073,35.31034802118014
vw_v2w,33,0.2746573501746842,0.0010749798441279225,0.02275075821180186,53.25851338030452
vw_v2w,50,0.29185702768073096,0.002418704649287826,0.02637082787174292,678.2461017811389
vw_v2w,75,0.3155065842515453,0.0010749798441279225,0.016796329228972662,46.30875104018709
vw_v2w,100,0.3464122547702231,0.0008062348830959419,0.017576201469118733,82.5271336476941
v_w3,1,0.0,0.018812147272238646,0.01773109828394226,1.9652350198824575
v_w3,2,0.0,0.0083310937919914,0.020915482849303117,2.538132665516832
v_w3,3,0.0,0.005643644181671593,0.021557084214483248,3.437269933925807
v_w3,4,0.0,0.002149959688255845,0.01766029556026779,3.90893392462965
v_w3,5,0.0,0.002418704649287826,0.020895430727674334,5.476378622789768
v_w3,6,0.0,0.002149959688255845,0.0659221796346936,5.544556926258938
v_w3,8,0.0,0.0008062348830959419,0.022268003109010746,5.696526496242325
v_w3,10,0.0,0.0005374899220639613,0.01543365226590483,8.202808742523926
v_w3,12,0.0,0.0013437248051599033,0.03316739470568878,11.7362585811695
v_w3,15,0.0,0.0008062348830959419,0.02224764669442469,15.932615205339081
v_w3,20,0.0,0.0016124697661918839,0.01940981575471948,7.878582611190721
v_w3,25,0.02929320075248587,0.0008062348830959419,0.020700188701984125,84.98011411063898
v_w3,33,0.11959150765923143,0.0005374899220639613,0.02275075821180186,32.55567467616176
v_w3,50,0.02741198602526207,0.0005374899220639613,0.022970185374233794,247.9018291350061
v_w3,75,0.09594195108841708,0.0005374899220639613,0.016796329228972662,86.96630689464345
v_w3,100,0.12577264176296699,0.0002687449610319806,0.017576201469118733,28.981993071204897
w_w3,1,0.0,0.08062348830959419,0.01768624893550709,1.512632934306127
w_w3,2,0.0,0.028218220908357967,0.02047167002118807,1.873352251317907
w_w3,3,0.0,0.01961838215533459,0.020308647650279184,2.1818549978078465
w_w3,4,0.0,0.006181134103735555,0.01616425030106963,3.114221442673267
w_w3,5,0.0,0.0083310937919914,0.020895430727674334,3.8111883048506945
w_w3,6,0.0,0.005106154259607632,0.05778821918113641,4.330931159973387
w_w3,8,0.0,0.0016124697661918839,0.021357946181926393,5.873710995630112
w_w3,10,0.0,0.002418704649287826,0.01543365226590483,7.735487388652552
w_w3,12,0.0,0.0018812147272238647,0.022199531691223302,9.6703611799137
w_w3,15,0.0,0.0008062348830959419,0.015530267437326318,13.633751876498707
w_w3,20,0.0,0.0032249395323837677,0.018799582661245214,15.81249499518998
w_w3,25,0.025799516259070177,0.0013437248051599033,0.020700188701984125,26.77318494591545
w_w3,33,0.11341037355549588,0.0013437248051599033,0.02275075821180186,592.9179783057567
w_w3,50,0.05025530771298037,0.0010749798441279225,0.022615150277081747,22.394463650377144
w_w3,75,0.12281644719161511,0.0008062348830959419,0.016796329228972662,39.68808603871813
w_w3,100,0.14673474872346148,0.0005374899220639613,0.017576201469118733,51.52519619659135
v2_v2w,1,0.0,0.035474334856221444,0.01773109828394226,5.6554011985361266
v2_v2w,2,0.0,0.02418704649287826,0.020915482849303117,8.03963805884571
v2_v2w,3,0.0,0.013974737973662993,0.021600168216777987,9.478325818538575
v2_v2w,4,0.00026874496103201917,0.005912389142703574,0.01684304077998691,12.591614774343062
v2_v2w,5,0.008062348830959465,0.0067186240257995165,0.020895430727674334,17.509416470063247
v2_v2w,6,0.029830690674549798,0.0064498790647675355,0.06449220304440027,331.78533762704063
v2_v2w,8,0.07739854877721042,0.0016124697661918839,0.019321330120530396,130.3946306540304
v2_v2w,10,0.11475409836065575,0.0018812147272238647,0.01543365226590483,48.20931421463743
v2_v2w,12,0.15318462778822894,0.0018812147272238647,0.02214935682868552,20.995439803164885
v2_v2w,15,0.18650900295619455,0.0013437248051599033,0.017982285097986803,74.10823861833434
v2_v2w,20,0.17656543939801128,0.007256113947863478,0.018285322777526713,670.1154834682753
v2_v2w,25,0.24563289438323033,0.0013437248051599033,0.014443610769901643,35.42770742201639
v2_v2w,33,0.2886320881483472,0.00429991937651169,0.021844397661316947,582.9563492679206
v2_v2w,50,0.29320075248589084,0.0010749798441279225,0.016229672943782657,56.364463966834855
v2_v2w,75,0.2657887664606289,0.002149959688255845,0.016796329228972662,59.437190526108274
v2_v2w,100,0.2875571083042193,0.0018812147272238647,0.017576201469118733,87.94234553913891
