t,x,y,z,x_clean,y_clean,z_clean
0.0,-12.512502589657043,-20.7335027479362,20.68630257871527,-12.598717408117144,-20.782638021605816,20.842192722831815
0.020000000000000018,-14.080786801987738,-21.837743874817768,25.519541302718576,-14.182031628971178,-21.67656581285641,25.330403904760775
0.040000000000000036,-15.245730658229633,-21.273387963498486,30.059027509423988,-15.527041935778293,-21.296393636173708,30.27960290520778
0.06000000000000005,-16.63426264137164,-19.517758373157964,35.36652504937875,-16.416014565017736,-19.365859679868596,35.08728605610768
0.08000000000000007,-16.60036372092325,-15.862151964386623,39.08614913941402,-16.652122297820366,-15.971890700334978,39.004151801074435
0.10000000000000009,-16.15833333821161,-11.338528500998631,41.4833832030509,-16.13106009617326,-11.632095974957535,41.41409796844577
0.1200000000000001,-14.902294476237868,-7.021319315294925,42.08992064424242,-14.889564732593536,-7.119993060536746,42.10192077459935
0.14000000000000012,-12.96526038253791,-3.171799588862516,41.37507443673769,-13.096508118351027,-3.1418300849597944,41.305042235235845
0.16000000000000014,-11.10035688039764,-0.05171626520321287,39.79405286003045,-10.99142718554236,-0.09602850311983793,39.527120740836835
0.18000000000000016,-8.663840872159028,2.188198406674004,37.24919915400015,-8.81003433398551,1.9561313037515728,37.2855151432056
0.20000000000000018,-6.509664920493648,2.987731646648951,35.00171742662213,-6.733758002879652,3.1711110323602805,34.95635913805793
0.2200000000000002,-4.810341045378581,3.7935454374258066,32.96263491567068,-4.873713480303229,3.782684736395837,32.746811387007305
0.2400000000000002,-3.4459686245204946,4.0552139525241,30.851961883192125,-3.278820514671031,4.0115403896569894,30.737573830305948
0.2599999999999998,-1.9754376997586294,3.875843519796489,28.668658587506467,-1.953490288282557,4.029351012011949,28.937936416241683
0.2799999999999998,-0.74326006899931,3.9825724067677384,27.384088368345594,-0.8751957459997594,3.955605312552225,27.32667768488823
0.2999999999999998,0.35680065337130445,3.9953449876286617,26.07864457950233,-0.007981204751374461,3.867479377859855,25.875190883120375
0.31999999999999984,0.9188481725655094,3.7035931630466816,24.227184868897286,0.6885829673518367,3.812008775289434,24.557859057882172
0.33999999999999986,1.2820105893483908,3.4796283416264906,23.545089834848152,1.2541357094462993,3.8164546456581334,23.35535354685996
0.3599999999999999,1.7892097792535755,3.790878489346587,22.217989652687407,1.7248444890918555,3.8960019121603433,22.254757045850912
0.3799999999999999,2.2973612253793303,3.792939994868301,21.34575517938501,2.1323766651741938,4.0590940104454045,21.24865455806742
0.3999999999999999,2.3771422903042234,4.325596933105664,20.261925934754625,2.503846506163872,4.310956971312928,20.334183101409714
0.41999999999999993,2.3959187591872615,4.695490300969268,19.378763016999077,2.8622805005092498,4.655802637451502,19.512411159907444
0.43999999999999995,3.409673390207605,5.150140848591046,18.876316103801013,3.227302973868896,5.098066615693392,18.788134059089142
0.45999999999999996,3.6120225739618546,5.529727263441193,18.16883734618079,3.6158498622011037,5.642903619789089,18.170062104749096
0.48,3.6976977842074823,6.250193036779453,17.63101817076388,4.042782278400089,6.296043034186217,17.671343115208206
0.5,4.787370003063744,6.9608162912825975,17.071884724554515,4.521302966282492,7.062997039721759,17.310339860139397
0.52,4.9912768530825256,7.897784397610298,17.00286819305573,5.063085074290229,7.947509842469205,17.11153711664494
0.54,5.418541168078289,8.886071585672099,17.12828590859897,5.678010160363478,8.94904713709395,17.106350613997723
0.56,6.125786960018085,10.172608787381476,17.188472077159823,6.373389304315835,10.05907941257832,17.33341983460081
0.5800000000000001,7.055300659176263,11.293465135847663,17.76044878057795,7.152523200266606,11.255979760158404,17.837665302989517
0.6000000000000001,8.099319355738611,12.325786060562441,18.70958467109341,8.012474541957031,12.498663544776006,18.66699573759205
0.6200000000000001,8.614842520734435,13.903246323184922,19.838587301498286,8.941032560439536,13.719827640500538,19.86519178098023
0.6400000000000001,9.775306235921539,14.721093425033423,21.445674749856163,9.913122552925193,14.820961208955934,21.4595299220563
0.6600000000000001,10.779617890586128,15.834044347624094,23.542311952147436,10.88742449156712,15.673079102330933,23.4428136183754
0.6800000000000002,11.854808939636044,16.102240457589737,25.792625440274495,11.804689243510984,16.128501452049868,25.752440602876064
0.7000000000000002,12.473966843636381,16.120037635072688,28.03152577306828,12.589894838783103,16.04795914903807,28.254007701549153
0.7200000000000002,13.286558591940766,15.438593119440844,30.39254125154207,13.160305303547377,15.341397116998614,30.741494111457914
0.7400000000000002,13.603504529844738,13.919664364630881,32.960157297917924,13.439866109337322,14.010115658952829,32.965034086569645
0.7599999999999998,13.480814011021225,12.5139938532227,34.64880855076192,13.377079622539837,12.16861493067972,34.685844707385385
0.7799999999999998,13.028305826640999,10.27129123170293,35.623355159242045,12.960132533562492,10.027619428629535,35.73932513339129
0.7999999999999998,12.212740121036525,7.807998937945671,35.987769968770756,12.222464697107382,7.839497678019194,36.07623917852444
0.8199999999999998,11.155829697298834,5.81018533117631,35.61440102699146,11.235737511995923,5.830824652403846,35.76166630594632
0.8399999999999999,9.9408675006069,4.322761127900319,35.00722154798168,10.09319377974523,4.153620669103823,34.9366131123144
0.8599999999999999,8.986572033076019,2.572054115592539,33.54507325403331,8.890402419140052,2.871576240294634,33.766480702528874
0.8799999999999999,7.85012065029776,2.110405083970283,32.29114290407489,7.70997265658947,1.9758135351051092,32.40027006319584
0.8999999999999999,6.601931131963656,1.377957429657469,30.892119329425874,6.613364637010161,1.4135025817194082,30.950620521181897
0.9199999999999999,5.598911743482368,1.3316685928035785,29.72761536321731,5.6393742195780225,1.114752900867029,29.491668609623147
0.94,4.919142646309874,0.9112483982662507,28.174182446726604,4.807015308160033,1.0110085901062504,28.066492246458733
0.96,3.9396852355889718,0.9755267616336789,26.900449239796696,4.12035845536246,1.0445774429611663,26.69703911763658
0.98,3.72373663382497,0.9566857575421422,25.128871148056213,3.5735769454932633,1.1717702085732498,25.39268863680945
1.0,3.369785168360245,1.3167426506677178,24.45598298291256,3.155270872726896,1.362420563501834,24.156265119293156
1.02,2.8743233169216356,1.7922755510449226,22.820311414940665,2.851748301812978,1.597823875023019,22.987726305443662
1.04,2.543700140255223,1.8428424161063095,22.077590990381474,2.6492898280326775,1.8682977791464632,21.886207341017613
1.06,2.267342219655037,2.024970074040472,21.01766272465212,2.5355748699254623,2.1709559304915915,20.851078664309796
1.08,2.3381212234076005,2.436660770726083,19.872005592860774,2.500485276822796,2.507918980969852,19.882500132239176
1.1,2.727595507655569,3.031825047667031,18.934015492998697,2.536483186453134,2.8849929031254544,18.981777743455318
1.12,2.808523855714472,3.3688672571045477,18.267013523524138,2.63872009637943,3.310752528861039,18.151703154865892
1.1400000000000001,2.9291634245619336,3.6973919226236647,17.441701299151323,2.8049901002291127,3.7959276594000944,17.39698145248857
1.1600000000000001,3.086175157398615,4.273538630948104,16.915449732947966,3.0355991682738797,4.352969400182534,16.724815253155818
1.1800000000000002,3.3458874501248372,5.10826713752834,16.379386282496036,3.3331855407091573,4.99565634024711,16.145697036802865
1.2000000000000002,3.6345234036700997,5.5069010830677465,15.818370428322654,3.7024920018471885,5.7385708490174965,15.674451545484112
1.2200000000000002,4.152917321021047,6.531057088676984,15.21486211012585,4.1500555613091255,6.596225445119246,15.331550016675788
1.2400000000000002,4.680821607830796,7.490821631469747,15.105529915951323,4.683739614521211,7.581541906916085,15.144666062148588
1.2599999999999998,5.465315576883462,8.967194586625508,15.072395837223821,5.311984106352031,8.703284407639227,15.150325400865967
1.2799999999999998,5.8665877390764924,10.027533999421138,15.592504345848457,6.042589745036579,9.961948053513908,15.395267696577275
1.2999999999999998,6.989754485106143,11.287343363426778,15.668959166311241,6.880791070746072,11.343582272011268,15.936724323735232
1.3199999999999998,7.755203329884767,12.793036861186422,16.761193894891925,7.826338955442886,12.811257343242113,16.840175229291848
1.3399999999999999,8.708648659489855,14.230898197500833,18.31655737694064,8.869373629928976,14.294676690182296,18.17235228150374
1.3599999999999999,9.909488636523927,15.657563052854082,19.803869819621216,9.985149175312719,15.68022137208084,19.986705090093512
1.38,11.338322220804288,16.933245237581847,22.024554526365666,11.12833809059888,16.806713882682722,22.299261861838342
1.4,12.352760821052044,17.552467131116412,24.851403931041162,12.228799152848813,17.47559099354569,25.05649876594722
1.42,13.291153696179794,17.37911170548373,27.961932640041347,13.192069526856237,17.484878663096634,28.104755582740573
1.44,13.48807412115513,16.533074681391955,31.205798092991376,13.908426991009376,16.689001849260134,31.180630676834788
1.46,14.3486319031888,14.91657918849231,34.10950790510649,14.272464938161987,15.068118448629368,33.94447456125636
1.48,14.140012919517293,12.97123967055047,36.29612059378541,14.209789426936982,12.770323250993643,36.06237421619483
1.5,13.392572486925776,9.991459086464387,37.155717153924975,13.700951646423931,10.090331002097116,37.30735636740658
1.52,12.558062497386254,7.272421639322667,37.9118426958652,12.790714543112433,7.382951815715907,37.62582336295391
1.54,11.683926528407966,5.045324612172608,37.12477317762492,11.577077692828365,4.955461728396367,37.13171259530304
1.56,10.156455838709478,2.7628225048340145,36.053868733209534,10.185405988568311,2.9955244781533543,36.039425288531476
1.58,8.698561825734005,1.5719363645827853,34.44202885875265,8.739829804130745,1.5597447347347582,34.58139592312102
1.6,7.413605455007513,0.27502190040300173,33.1318099985539,7.342419175840934,0.6072947382314273,32.950500884492016
1.62,5.932980485654471,-0.30855233891495837,31.19120356873792,6.06395720697257,0.04717792396456508,31.278931914861715
1.6400000000000001,5.0676020675280435,-0.08531421845145795,29.98785422692068,4.944337830566179,-0.2233907641340925,29.643237772740292
1.6600000000000001,3.924952015811134,-0.3756010952279267,28.16938609616005,3.998362889373315,-0.2965896002508221,28.08008588258144
1.6800000000000002,3.253666651113324,0.0008577093549025638,26.882196145063183,3.2232174301382366,-0.24500380204724476,26.602159872858532
1.7000000000000002,2.734484609729287,-0.1936275606960559,25.305865893959957,2.6053806874271337,-0.12075506077804017,25.209881511871952
1.7200000000000002,2.1371848311361683,0.24574287154180852,23.879639670373955,2.126039588772816,0.04163469850985878,23.89857584577103
1.7400000000000002,1.8420023874631564,0.37190101269924625,22.58774660525672,1.7648723180916337,0.22129597005195942,22.66222454265196
1.7599999999999998,1.2980814385991255,0.5686367808620436,21.261243910045216,1.5024377948498073,0.4072697977229158,21.495123103456553
1.7799999999999998,1.305677547347975,0.8181893729038678,20.351736770940548,1.3215149260556542,0.5954560738499349,20.392434211154697
1.7999999999999998,1.1091487707939012,0.7084473819693347,19.439017310103484,1.2077190731229852,0.7863387704000983,19.350250510351707
1.8199999999999998,1.1466954617337142,1.0555251371670364,18.523726692083212,1.1496615258067748,0.9834083872672582,18.365495497083664
1.8399999999999999,1.356288433119737,1.2404001660072355,17.280562265652783,1.1388491555179414,1.1921499925855146,17.43581672738743
1.8599999999999999,1.55102670874699,1.2662853124660283,16.532640481110494,1.1694612596542249,1.4194642461197922,16.559533796671644
1.88,1.3063503850007616,1.4395295695651167,15.731210862568037,1.2380933235368057,1.6734073939101077,15.735663245402765
1.9,1.451497844129075,1.7868592513298416,15.12431904719443,1.3435226785120398,1.9631595858530237,14.964030724878812
1.92,1.6578550887019514,2.0914940471740753,14.416686571808537,1.4865266771785546,2.299151916454307,14.245483615739055
1.94,1.5054957038048111,2.837313357708258,13.694590934190014,1.6697673546744938,2.693297554306804,13.582227829724177
1.96,1.8488645749866182,3.2355023737934414,12.729103572536703,1.8977448363603304,3.1592784270427905,12.978327870477116
1.98,2.294245430339403,3.810839866697107,12.388438433748107,2.176812191260127,3.7128328394377417,12.440428492696348
2.0,2.454077018474341,4.307734707706688,12.138804516263589,2.5152339665899177,4.371965874480694,11.97877873878151
