system,arm,seed,optimizer,window_size,J,p_err,score,support_recall,false_positives,wall_s,f_calls,iterations,converged,blowup,seed_p_err
lorenz,propagate,1,nm,1,0.4179019569534556,33.60737704834804,0.13333333333333333,1.0,19,5.473917007446289,4932,4000,false,false,31.55062430744846
lorenz,propagate,1,nm,2,0.2787873896483841,27.31364191597666,0.23333333333333334,1.0,16,4.842226982116699,4803,4000,false,false,31.55062430744846
lorenz,propagate,1,nm,5,0.3677393625355027,25.885325716043404,0.16666666666666666,1.0,18,4.864919900894165,4837,4000,false,false,31.55062430744846
lorenz,propagate,1,nm,10,0.37713359543931085,20.867413700080476,0.2,0.8571428571428571,17,5.069811105728149,5031,4000,false,false,31.55062430744846
lorenz,propagate,1,nm,25,0.31328911147952887,19.744080905857846,0.16666666666666666,0.8571428571428571,18,5.2734808921813965,5058,4000,false,false,31.55062430744846
lorenz,propagate,1,nm,50,0.2820745679648442,19.586301821811503,0.2,0.8571428571428571,17,5.220108985900879,5191,4000,false,false,31.55062430744846
lorenz,propagate,1,nm,100,0.28691006141825104,19.523823504823064,0.2,0.8571428571428571,17,5.991603136062622,5960,4000,false,false,31.55062430744846
lorenz,propagate,3,nm,1,1.1021528121108546,31.750703333097054,0.16666666666666666,0.8571428571428571,18,4.941257953643799,4903,4000,false,false,31.371860103273352
lorenz,propagate,3,nm,2,0.3606437496985241,19.277813253520723,0.13333333333333333,1.0,20,4.941106796264648,4916,4000,false,false,31.371860103273352
lorenz,propagate,3,nm,5,0.29028381867104186,21.220673564825418,0.2,1.0,19,4.9793970584869385,4875,4000,false,false,31.371860103273352
lorenz,propagate,3,nm,10,0.3001159761509287,22.79038675271637,0.2,1.0,19,5.052235841751099,5018,4000,false,false,31.371860103273352
lorenz,propagate,3,nm,25,0.29205770084760946,20.974614634973133,0.2,1.0,19,5.140621900558472,5103,4000,false,false,31.371860103273352
lorenz,propagate,3,nm,50,0.2631901196569017,21.344214849689127,0.2,1.0,19,5.492495059967041,5209,4000,false,false,31.371860103273352
lorenz,propagate,3,nm,100,0.2643817993214675,21.498280924890356,0.2,1.0,19,6.019282102584839,5435,4000,false,false,31.371860103273352
lorenz,reset,1,nm,1,0.4179019569534556,33.60737704834804,0.13333333333333333,1.0,19,5.223879098892212,4932,4000,false,false,31.55062430744846
lorenz,reset,1,nm,2,1.3705771186470264,33.36515700596356,0.16666666666666666,1.0,19,4.982254981994629,4897,4000,false,false,31.55062430744846
lorenz,reset,1,nm,5,1000.0,31.55062430744846,0.06666666666666667,1.0,22,0.0010368824005126953,35,0,true,true,31.55062430744846
lorenz,reset,1,nm,10,1000.0,31.55062430744846,0.06666666666666667,1.0,22,0.0010290145874023438,35,0,true,true,31.55062430744846
lorenz,reset,1,nm,25,1000.0,31.55062430744846,0.06666666666666667,1.0,22,0.0010380744934082031,35,0,true,true,31.55062430744846
lorenz,reset,1,nm,50,1000.0,31.55062430744846,0.06666666666666667,1.0,22,0.0010349750518798828,35,0,true,true,31.55062430744846
lorenz,reset,1,nm,100,1000.0,31.55062430744846,0.06666666666666667,1.0,22,0.0010349750518798828,35,0,true,true,31.55062430744846
lorenz,reset,3,nm,1,1.1021528121108546,31.750703333097054,0.16666666666666666,0.8571428571428571,18,4.9339799880981445,4903,4000,false,false,31.371860103273352
lorenz,reset,3,nm,2,2.232880115556906,30.914605245257494,0.13333333333333333,0.8571428571428571,20,4.875646114349365,4839,4000,false,false,31.371860103273352
lorenz,reset,3,nm,5,6.239626954227488,32.80444461892091,0.1,0.8571428571428571,20,5.0136308670043945,4984,4000,false,false,31.371860103273352
lorenz,reset,3,nm,10,1000.0,31.371860103273352,0.03333333333333333,0.7142857142857143,22,0.002042055130004883,35,0,true,true,31.371860103273352
lorenz,reset,3,nm,25,1000.0,31.371860103273352,0.03333333333333333,0.7142857142857143,22,0.002048015594482422,35,0,true,true,31.371860103273352
lorenz,reset,3,nm,50,1000.0,31.371860103273352,0.03333333333333333,0.7142857142857143,22,0.002045869827270508,35,0,true,true,31.371860103273352
lorenz,reset,3,nm,100,1000.0,31.371860103273352,0.03333333333333333,0.7142857142857143,22,0.0020751953125,35,0,true,true,31.371860103273352
lorenz,propagate,1,bfgs,1,0.1986303293280898,13.28159134481734,0.7,0.8571428571428571,6,16.41963505744934,513,169,true,false,31.55062430744846
lorenz,propagate,1,bfgs,2,0.19031409210351283,12.603111181996102,0.7,1.0,6,7.04283595085144,227,81,true,false,31.55062430744846
lorenz,propagate,1,bfgs,5,0.20038773051762945,4.8923398041151165,0.5666666666666667,0.8571428571428571,10,7.79503321647644,256,90,true,false,31.55062430744846
lorenz,propagate,1,bfgs,10,0.1845251790873334,2.6457481849495874,0.6666666666666666,0.8571428571428571,9,6.699218034744263,233,78,true,false,31.55062430744846
lorenz,propagate,1,bfgs,25,0.17321650044655554,3.407008736725257,0.7333333333333333,0.8571428571428571,7,6.7556140422821045,258,73,true,false,31.55062430744846
lorenz,propagate,1,bfgs,50,0.15819260810993718,3.722941521415909,0.8333333333333334,0.8571428571428571,3,5.186815977096558,195,57,true,false,31.55062430744846
lorenz,propagate,1,bfgs,100,0.1520383100522501,3.851671830528539,0.8333333333333334,0.8571428571428571,3,5.81353497505188,210,60,true,false,31.55062430744846
lorenz,propagate,3,bfgs,1,0.19863032932809002,13.281591351014695,0.7,0.8571428571428571,6,12.488357067108154,428,144,true,false,31.371860103273352
lorenz,propagate,3,bfgs,2,0.1903140921035127,12.603111181077479,0.7,1.0,6,7.4743640422821045,227,81,true,false,31.371860103273352
lorenz,propagate,3,bfgs,5,0.20038773051762887,4.8923398183132045,0.5666666666666667,0.8571428571428571,10,7.684898853302002,256,90,true,false,31.371860103273352
lorenz,propagate,3,bfgs,10,0.18452517908733418,2.645748184197656,0.6666666666666666,0.8571428571428571,9,6.968080997467041,234,78,true,false,31.371860103273352
lorenz,propagate,3,bfgs,25,0.1732165004465559,3.4070087367253072,0.7333333333333333,0.8571428571428571,7,6.7189781665802,258,73,true,false,31.371860103273352
lorenz,propagate,3,bfgs,50,0.15819260810993685,3.722941521415813,0.8333333333333334,0.8571428571428571,3,5.158017873764038,195,57,true,false,31.371860103273352
lorenz,propagate,3,bfgs,100,0.15203831005225038,3.8516718305283413,0.8333333333333334,0.8571428571428571,3,5.799854040145874,210,60,true,false,31.371860103273352
lorenz,reset,1,bfgs,1,0.1986303293280898,13.28159134481734,0.7,0.8571428571428571,6,14.805408954620361,513,169,true,false,31.55062430744846
lorenz,reset,1,bfgs,2,0.19031409210351274,12.603111179554993,0.7,1.0,6,14.228847980499268,517,162,true,false,31.55062430744846
lorenz,reset,1,bfgs,5,1000.0,31.55062430744846,0.06666666666666667,1.0,22,0.0009200572967529297,1,0,true,true,31.55062430744846
lorenz,reset,1,bfgs,10,1000.0,31.55062430744846,0.06666666666666667,1.0,22,0.0009930133819580078,1,0,true,true,31.55062430744846
lorenz,reset,1,bfgs,25,1000.0,31.55062430744846,0.06666666666666667,1.0,22,0.0009150505065917969,1,0,true,true,31.55062430744846
lorenz,reset,1,bfgs,50,1000.0,31.55062430744846,0.06666666666666667,1.0,22,0.0009109973907470703,1,0,true,true,31.55062430744846
lorenz,reset,1,bfgs,100,1000.0,31.55062430744846,0.06666666666666667,1.0,22,0.0009100437164306641,1,0,true,true,31.55062430744846
lorenz,reset,3,bfgs,1,0.19863032932809002,13.281591351014695,0.7,0.8571428571428571,6,12.673516035079956,428,144,true,false,31.371860103273352
lorenz,reset,3,bfgs,2,0.1903140921035124,12.60311116809791,0.7,1.0,6,13.051153898239136,476,145,true,false,31.371860103273352
lorenz,reset,3,bfgs,5,0.20038773051762954,4.892339817633635,0.5666666666666667,0.8571428571428571,10,19.053575038909912,697,219,true,false,31.371860103273352
lorenz,reset,3,bfgs,10,1000.0,31.371860103273352,0.03333333333333333,0.7142857142857143,22,0.0022170543670654297,1,0,true,true,31.371860103273352
lorenz,reset,3,bfgs,25,1000.0,31.371860103273352,0.03333333333333333,0.7142857142857143,22,0.0018591880798339844,1,0,true,true,31.371860103273352
lorenz,reset,3,bfgs,50,1000.0,31.371860103273352,0.03333333333333333,0.7142857142857143,22,0.0018329620361328125,1,0,true,true,31.371860103273352
lorenz,reset,3,bfgs,100,1000.0,31.371860103273352,0.03333333333333333,0.7142857142857143,22,0.0018157958984375,1,0,true,true,31.371860103273352
lv,propagate,1,nm,1,0.02847403928733329,0.35074822604023226,0.8333333333333334,1.0,1,1.7930500507354736,3480,2500,false,false,1.4638749802736217
lv,propagate,1,nm,2,0.028248067689990573,0.0254229315357627,1.0,1.0,0,0.7795059680938721,1894,1357,true,false,1.4638749802736217
lv,propagate,1,nm,5,0.02721350329739309,0.07703791953065572,1.0,1.0,0,0.6035928726196289,1467,1027,true,false,1.4638749802736217
lv,propagate,1,nm,10,0.02675672058333335,0.0444896189510859,1.0,1.0,0,1.0708339214324951,2596,1923,true,false,1.4638749802736217
lv,propagate,1,nm,25,0.0371235727839727,0.2662133215675134,0.8333333333333334,1.0,2,1.2622160911560059,3070,2218,true,false,1.4638749802736217
lv,propagate,1,nm,50,0.023608087895403352,0.37202807289787115,0.5833333333333334,1.0,5,1.6201519966125488,3490,2500,false,false,1.4638749802736217
lv,propagate,1,nm,100,0.02103549225881838,0.40944916518344515,0.75,1.0,2,1.4742372035980225,3578,2500,false,false,1.4638749802736217
lv,propagate,3,nm,1,0.027896664660872997,0.13162446634290956,0.9166666666666666,1.0,1,1.4083189964294434,3404,2500,false,false,1.1433823730525716
lv,propagate,3,nm,2,0.028248042486656126,0.024732829871350445,1.0,1.0,0,0.7999050617218018,1895,1393,true,false,1.1433823730525716
lv,propagate,3,nm,5,0.02721342620460333,0.07719028723238056,1.0,1.0,0,0.5719478130340576,1388,989,true,false,1.1433823730525716
lv,propagate,3,nm,10,0.026756713211954365,0.044323216719776404,1.0,1.0,0,1.154541015625,2806,2089,true,false,1.1433823730525716
lv,propagate,3,nm,25,0.03712350396135952,0.2653621093799365,0.8333333333333334,1.0,2,1.3666200637817383,3319,2414,true,false,1.1433823730525716
lv,propagate,3,nm,50,0.02213976655895547,0.08222817965778792,0.9166666666666666,1.0,1,1.4581379890441895,3554,2500,false,false,1.1433823730525716
lv,propagate,3,nm,100,0.019777849944782787,0.07902614862121332,1.0,1.0,0,1.4338760375976562,3478,2500,false,false,1.1433823730525716
lv,propagate,5,nm,1,0.028082868796997937,0.08532210681299841,1.0,1.0,0,1.4751999378204346,3587,2500,false,false,1.3603817305621866
lv,propagate,5,nm,2,0.028248086560145366,0.023821940334996485,1.0,1.0,0,0.5892829895019531,1423,1023,true,false,1.3603817305621866
lv,propagate,5,nm,5,0.027213660581334696,0.07721370718297109,1.0,1.0,0,0.7249710559844971,1759,1266,true,false,1.3603817305621866
lv,propagate,5,nm,10,0.02675671538239729,0.04431285115252682,1.0,1.0,0,1.197171926498413,2909,2035,true,false,1.3603817305621866
lv,propagate,5,nm,25,0.03712353410789098,0.2647542638589981,0.8333333333333334,1.0,2,1.3019530773162842,3163,2323,true,false,1.3603817305621866
lv,propagate,5,nm,50,0.022256539548359586,0.14340464874636316,0.8333333333333334,1.0,2,1.4655890464782715,3560,2500,false,false,1.3603817305621866
lv,propagate,5,nm,100,0.01992059365153081,0.22488059265016222,0.9166666666666666,1.0,1,1.5213689804077148,3630,2500,false,false,1.3603817305621866
lv,reset,1,nm,1,0.02847403928733329,0.35074822604023226,0.8333333333333334,1.0,1,1.4351849555969238,3480,2500,false,false,1.4638749802736217
lv,reset,1,nm,2,0.029594687592527744,0.34640300334488255,0.75,1.0,2,1.4551401138305664,3531,2500,false,false,1.4638749802736217
lv,reset,1,nm,5,0.030087629424074898,0.5015975599144952,0.6666666666666666,1.0,3,1.4443440437316895,3511,2500,false,false,1.4638749802736217
lv,reset,1,nm,10,0.034354636991291584,1.39730188914855,0.4166666666666667,1.0,6,1.4130029678344727,3437,2500,false,false,1.4638749802736217
lv,reset,1,nm,25,0.08137538101879209,1.21786050953971,0.25,0.75,6,1.4483730792999268,3497,2500,false,false,1.4638749802736217
lv,reset,1,nm,50,0.049676521264859975,0.8482448672248636,0.25,1.0,7,1.380094051361084,3343,2500,false,false,1.4638749802736217
lv,reset,1,nm,100,1000.0,1.4638749802736217,0.16666666666666666,0.5,6,0.003762960433959961,16,0,true,true,1.4638749802736217
lv,reset,3,nm,1,0.027896664660872997,0.13162446634290956,0.9166666666666666,1.0,1,1.4046471118927002,3404,2500,false,false,1.1433823730525716
lv,reset,3,nm,2,0.028251514138551665,0.04171956570387707,1.0,1.0,0,1.1979670524597168,2907,2163,true,false,1.1433823730525716
lv,reset,3,nm,5,0.02721341541870382,0.077466047791134,1.0,1.0,0,1.404905080795288,3411,2477,true,false,1.1433823730525716
lv,reset,3,nm,10,1000.0,1.1433823730525716,0.3333333333333333,0.75,4,0.0012102127075195312,16,0,true,true,1.1433823730525716
lv,reset,3,nm,25,1000.0,1.1433823730525716,0.3333333333333333,0.75,4,0.003818035125732422,16,0,true,true,1.1433823730525716
lv,reset,3,nm,50,1000.0,1.1433823730525716,0.3333333333333333,0.75,4,0.0016798973083496094,16,0,true,true,1.1433823730525716
lv,reset,3,nm,100,1000.0,1.1433823730525716,0.3333333333333333,0.75,4,0.0016791820526123047,16,0,true,true,1.1433823730525716
lv,reset,5,nm,1,0.028082868796997937,0.08532210681299841,1.0,1.0,0,1.4770309925079346,3587,2500,false,false,1.3603817305621866
lv,reset,5,nm,2,0.028315363218853928,0.1201425685746435,0.9166666666666666,1.0,1,1.4151558876037598,3441,2500,false,false,1.3603817305621866
lv,reset,5,nm,5,0.029088575644778698,0.2846030424841017,0.8333333333333334,1.0,2,1.4166748523712158,3448,2500,false,false,1.3603817305621866
lv,reset,5,nm,10,0.028576227095494934,0.20471070769715882,0.9166666666666666,1.0,1,1.4280810356140137,3476,2500,false,false,1.3603817305621866
lv,reset,5,nm,25,0.05151031586474154,0.31603503012803863,0.5833333333333334,1.0,4,1.5433828830718994,3788,2500,false,false,1.3603817305621866
lv,reset,5,nm,50,1000.0,1.3603817305621866,0.3333333333333333,1.0,4,0.002733945846557617,16,0,true,true,1.3603817305621866
lv,reset,5,nm,100,1000.0,1.3603817305621866,0.3333333333333333,1.0,4,0.002306222915649414,16,0,true,true,1.3603817305621866
lorenz,propagate,2,nm,1,0.5603208120439532,27.81045305568838,0.1,0.8571428571428571,20,5.567342042922974,4990,4000,false,false,32.463682339725175
lorenz,propagate,2,nm,2,0.22902848785742178,17.22899997443223,0.3,0.8571428571428571,16,4.840358018875122,4762,4000,false,false,32.463682339725175
lorenz,propagate,2,nm,5,0.2810675498512274,17.882572222424308,0.36666666666666664,1.0,14,4.950620889663696,4888,4000,false,false,32.463682339725175
lorenz,propagate,2,nm,10,0.3145878804792979,17.231323191863176,0.36666666666666664,1.0,14,5.262274980545044,5193,4000,false,false,32.463682339725175
lorenz,propagate,2,nm,25,0.2788373629313961,17.13639859311873,0.4,1.0,14,5.334985971450806,5073,4000,false,false,32.463682339725175
lorenz,propagate,2,nm,50,0.2584509280729085,16.841316679183596,0.3333333333333333,1.0,15,5.134379863739014,5065,4000,false,false,32.463682339725175
lorenz,propagate,2,nm,100,0.26063063034785744,16.703869992896827,0.3333333333333333,1.0,15,5.8947789669036865,5825,4000,false,false,32.463682339725175
lorenz,propagate,4,nm,1,0.6914408322513675,28.727608170049177,0.03333333333333333,1.0,22,4.828144788742065,4759,4000,false,false,32.34822048257865
lorenz,propagate,4,nm,2,0.22063984622703237,16.018242920146424,0.23333333333333334,1.0,18,4.824550151824951,4769,4000,false,false,32.34822048257865
lorenz,propagate,4,nm,5,0.23537310966665959,13.360882725642975,0.23333333333333334,1.0,18,5.0343968868255615,4932,4000,false,false,32.34822048257865
lorenz,propagate,4,nm,10,0.2303920019051288,12.095935133119044,0.23333333333333334,1.0,18,5.202656030654907,5121,4000,false,false,32.34822048257865
lorenz,propagate,4,nm,25,0.22507429296375994,12.12006115614783,0.23333333333333334,1.0,19,5.105262994766235,5038,4000,false,false,32.34822048257865
lorenz,propagate,4,nm,50,0.20350754641491103,12.130546113296312,0.26666666666666666,1.0,18,5.41404390335083,5086,4000,false,false,32.34822048257865
lorenz,propagate,4,nm,100,0.20396025512599686,12.083912962786476,0.26666666666666666,1.0,18,6.297869920730591,5542,4000,false,false,32.34822048257865
lorenz,reset,2,nm,1,0.5603208120439532,27.81045305568838,0.1,0.8571428571428571,20,5.262797117233276,4990,4000,false,false,32.463682339725175
lorenz,reset,2,nm,2,1.3568223969322233,28.901689628337618,0.13333333333333333,0.8571428571428571,19,5.026586055755615,4887,4000,false,false,32.463682339725175
lorenz,reset,2,nm,5,1000.0,32.463682339725175,0.0,1.0,23,0.003667116165161133,35,0,true,true,32.463682339725175
lorenz,reset,2,nm,10,1000.0,32.463682339725175,0.0,1.0,23,0.0035331249237060547,35,0,true,true,32.463682339725175
lorenz,reset,2,nm,25,1000.0,32.463682339725175,0.0,1.0,23,0.004058837890625,35,0,true,true,32.463682339725175
lorenz,reset,2,nm,50,1000.0,32.463682339725175,0.0,1.0,23,0.004002809524536133,35,0,true,true,32.463682339725175
lorenz,reset,2,nm,100,1000.0,32.463682339725175,0.0,1.0,23,0.03970789909362793,315,8,true,true,32.463682339725175
lorenz,reset,4,nm,1,0.6914408322513675,28.727608170049177,0.03333333333333333,1.0,22,4.8166399002075195,4759,4000,false,false,32.34822048257865
lorenz,reset,4,nm,2,1.9299187114411434,31.735975413392822,0.03333333333333333,1.0,22,4.8316779136657715,4760,4000,false,false,32.34822048257865
lorenz,reset,4,nm,5,1000.0,32.370437257327964,0.03333333333333333,1.0,22,1.3933029174804688,4035,150,true,true,32.34822048257865
lorenz,reset,4,nm,10,1000.0,32.34822048257865,0.03333333333333333,1.0,22,0.0045239925384521484,35,0,true,true,32.34822048257865
lorenz,reset,4,nm,25,1000.0,32.34822048257865,0.03333333333333333,1.0,22,0.003484964370727539,35,0,true,true,32.34822048257865
lorenz,reset,4,nm,50,1000.0,32.34822048257865,0.03333333333333333,1.0,22,0.0034699440002441406,35,0,true,true,32.34822048257865
lorenz,reset,4,nm,100,1000.0,32.34822048257865,0.03333333333333333,1.0,22,0.0035181045532226562,35,0,true,true,32.34822048257865
lorenz,propagate,2,bfgs,1,0.19863032932808994,13.281591347373219,0.7,0.8571428571428571,6,14.722849130630493,460,154,true,false,32.463682339725175
lorenz,propagate,2,bfgs,2,0.1903140921035123,12.603111183640573,0.7,1.0,6,7.198628902435303,228,82,true,false,32.463682339725175
lorenz,propagate,2,bfgs,5,0.20038773051762981,4.89233981837989,0.5666666666666667,0.8571428571428571,10,7.836506128311157,260,91,true,false,32.463682339725175
lorenz,propagate,2,bfgs,10,0.1845251790873333,2.6457481840531236,0.6666666666666666,0.8571428571428571,9,6.85577917098999,236,78,true,false,32.463682339725175
lorenz,propagate,2,bfgs,25,0.17321650044655557,3.4070087367252846,0.7333333333333333,0.8571428571428571,7,6.805850982666016,258,73,true,false,32.463682339725175
lorenz,propagate,2,bfgs,50,0.15819260810993624,3.7229415214154393,0.8333333333333334,0.8571428571428571,3,5.204392910003662,195,57,true,false,32.463682339725175
lorenz,propagate,2,bfgs,100,0.15203831005225044,3.851671830528991,0.8333333333333334,0.8571428571428571,3,5.823790073394775,210,60,true,false,32.463682339725175
lorenz,propagate,4,bfgs,1,0.19863032932808983,13.281591345901038,0.7,0.8571428571428571,6,20.985435009002686,720,234,true,false,32.34822048257865
lorenz,propagate,4,bfgs,2,0.19031409210351288,12.603111180466287,0.7,1.0,6,7.026071071624756,226,81,true,false,32.34822048257865
lorenz,propagate,4,bfgs,5,0.20038773051763004,4.892339813799294,0.5666666666666667,0.8571428571428571,10,8.168436050415039,261,91,true,false,32.34822048257865
lorenz,propagate,4,bfgs,10,0.18452517908733249,2.645748183422903,0.6666666666666666,0.8571428571428571,9,6.610824823379517,232,78,true,false,32.34822048257865
lorenz,propagate,4,bfgs,25,0.17321650044655504,3.407008736725295,0.7333333333333333,0.8571428571428571,7,6.737358093261719,258,73,true,false,32.34822048257865
lorenz,propagate,4,bfgs,50,0.15819260810993718,3.722941521415582,0.8333333333333334,0.8571428571428571,3,5.163475036621094,195,57,true,false,32.34822048257865
lorenz,propagate,4,bfgs,100,0.15203831005224952,3.851671830528844,0.8333333333333334,0.8571428571428571,3,5.796567916870117,210,60,true,false,32.34822048257865
lorenz,reset,2,bfgs,1,0.19863032932808994,13.281591347373219,0.7,0.8571428571428571,6,13.206171989440918,460,154,true,false,32.463682339725175
lorenz,reset,2,bfgs,2,0.1903140921035127,12.603111181718443,0.7,1.0,6,30.34667992591858,1040,346,true,false,32.463682339725175
lorenz,reset,2,bfgs,5,1000.0,32.463682339725175,0.0,1.0,23,0.003010988235473633,1,0,true,true,32.463682339725175
lorenz,reset,2,bfgs,10,1000.0,32.463682339725175,0.0,1.0,23,0.0030019283294677734,1,0,true,true,32.463682339725175
lorenz,reset,2,bfgs,25,1000.0,32.463682339725175,0.0,1.0,23,0.0029981136322021484,1,0,true,true,32.463682339725175
lorenz,reset,2,bfgs,50,1000.0,32.463682339725175,0.0,1.0,23,0.003351926803588867,1,0,true,true,32.463682339725175
lorenz,reset,2,bfgs,100,1000.0,32.463682339725175,0.0,1.0,23,0.003000974655151367,1,0,true,true,32.463682339725175
lorenz,reset,4,bfgs,1,0.19863032932808983,13.281591345901038,0.7,0.8571428571428571,6,20.770035982131958,720,234,true,false,32.34822048257865
lorenz,reset,4,bfgs,2,1000.0,8341.196742997083,0.03333333333333333,1.0,23,0.03130698204040527,2,1,true,true,32.34822048257865
lorenz,reset,4,bfgs,5,1000.0,97652.64265590791,0.0,1.0,23,0.031271934509277344,2,1,true,true,32.34822048257865
lorenz,reset,4,bfgs,10,1000.0,32.34822048257865,0.03333333333333333,1.0,22,0.0030248165130615234,1,0,true,true,32.34822048257865
lorenz,reset,4,bfgs,25,1000.0,32.34822048257865,0.03333333333333333,1.0,22,0.0030090808868408203,1,0,true,true,32.34822048257865
lorenz,reset,4,bfgs,50,1000.0,32.34822048257865,0.03333333333333333,1.0,22,0.0033931732177734375,1,0,true,true,32.34822048257865
lorenz,reset,4,bfgs,100,1000.0,32.34822048257865,0.03333333333333333,1.0,22,0.0030150413513183594,1,0,true,true,32.34822048257865
lv,propagate,2,nm,1,0.03146702158493212,1.4710826073335084,0.6666666666666666,1.0,3,1.765866994857788,3427,2500,false,false,1.3652851260730563
lv,propagate,2,nm,2,0.028248044360919655,0.024701137382464627,1.0,1.0,0,1.0635709762573242,2580,1828,true,false,1.3652851260730563
lv,propagate,2,nm,5,0.027213423969699814,0.07727408931262846,1.0,1.0,0,0.6240148544311523,1507,1099,true,false,1.3652851260730563
lv,propagate,2,nm,10,0.026756758464614415,0.0441681399222879,1.0,1.0,0,0.9013879299163818,2189,1575,true,false,1.3652851260730563
lv,propagate,2,nm,25,0.03712351212835455,0.26538251274818925,0.8333333333333334,1.0,2,1.5279490947723389,3346,2461,true,false,1.3652851260730563
lv,propagate,2,nm,50,0.023597899024524173,0.3693883670137129,0.6666666666666666,1.0,4,1.4143528938293457,3439,2500,false,false,1.3652851260730563
lv,propagate,2,nm,100,0.021084080905265194,0.4606269890335469,0.5833333333333334,1.0,4,1.486495018005371,3616,2500,false,false,1.3652851260730563
lv,propagate,4,nm,1,0.027914772300709777,0.1445040986741462,0.9166666666666666,1.0,1,1.4021539688110352,3395,2500,false,false,1.3571897798176527
lv,propagate,4,nm,2,0.028248052811655457,0.02475775392329589,1.0,1.0,0,0.6258459091186523,1517,1084,true,false,1.3571897798176527
lv,propagate,4,nm,5,0.0272134928388088,0.07715458830299345,1.0,1.0,0,0.5632240772247314,1360,964,true,false,1.3571897798176527
lv,propagate,4,nm,10,0.026756756169464956,0.044421585852208345,1.0,1.0,0,0.8898160457611084,2154,1568,true,false,1.3571897798176527
lv,propagate,4,nm,25,0.03713176956276358,0.2653139669972141,0.8333333333333334,1.0,2,1.5532538890838623,3404,2500,false,false,1.3571897798176527
lv,propagate,4,nm,50,0.02290910867659823,0.32069866228536015,0.75,1.0,3,1.4294219017028809,3465,2500,false,false,1.3571897798176527
lv,propagate,4,nm,100,0.020320002723996856,0.34004144530828356,0.75,1.0,2,1.5082521438598633,3621,2500,false,false,1.3571897798176527
lv,propagate,6,nm,1,0.029082483519452872,0.9518167312240285,0.75,1.0,2,1.444521188735962,3491,2500,false,false,1.451093131324319
lv,propagate,6,nm,2,0.028248053337145244,0.0243177489168906,1.0,1.0,0,0.9591519832611084,2324,1629,true,false,1.451093131324319
lv,propagate,6,nm,5,0.027213442948428035,0.07719008781281544,1.0,1.0,0,0.721947193145752,1749,1267,true,false,1.451093131324319
lv,propagate,6,nm,10,0.026756717613553357,0.04431075974236993,1.0,1.0,0,1.0360960960388184,2516,1864,true,false,1.451093131324319
lv,propagate,6,nm,25,0.0371241084278551,0.2629155932287446,0.8333333333333334,1.0,2,1.3651118278503418,3313,2500,false,false,1.451093131324319
lv,propagate,6,nm,50,0.02251980057591639,0.22884732322486598,0.8333333333333334,1.0,2,1.4132490158081055,3431,2500,false,false,1.451093131324319
lv,propagate,6,nm,100,0.019942570046070484,0.23988345178709677,0.9166666666666666,1.0,1,1.4670929908752441,3558,2500,false,false,1.451093131324319
lv,reset,2,nm,1,0.03146702158493212,1.4710826073335084,0.6666666666666666,1.0,3,1.4139080047607422,3427,2500,false,false,1.3652851260730563
lv,reset,2,nm,2,0.03538492012999969,1.5800313065752252,0.6666666666666666,0.75,3,1.44097900390625,3490,2500,false,false,1.3652851260730563
lv,reset,2,nm,5,0.0417077280485115,2.1069343764878465,0.5,1.0,5,1.4375569820404053,3496,2500,false,false,1.3652851260730563
lv,reset,2,nm,10,1000.0,1.3652851260730563,0.16666666666666666,0.25,6,0.0009970664978027344,16,0,true,true,1.3652851260730563
lv,reset,2,nm,25,1000.0,1.3652851260730563,0.16666666666666666,0.25,6,0.0008828639984130859,16,0,true,true,1.3652851260730563
lv,reset,2,nm,50,1000.0,1.3652851260730563,0.16666666666666666,0.25,6,0.001180887222290039,16,0,true,true,1.3652851260730563
lv,reset,2,nm,100,1000.0,1.3652851260730563,0.16666666666666666,0.25,6,0.0008819103240966797,16,0,true,true,1.3652851260730563
lv,reset,4,nm,1,0.027914772300709777,0.1445040986741462,0.9166666666666666,1.0,1,1.437506914138794,3395,2500,false,false,1.3571897798176527
lv,reset,4,nm,2,0.028303758367920567,0.09237759338031473,0.9166666666666666,1.0,1,1.4426839351654053,3498,2500,false,false,1.3571897798176527
lv,reset,4,nm,5,0.027222115756076415,0.07961236679993805,1.0,1.0,0,1.417405128479004,3418,2500,false,false,1.3571897798176527
lv,reset,4,nm,10,0.027300770932809467,0.09854207556315062,0.9166666666666666,1.0,1,1.3948338031768799,3381,2500,false,false,1.3571897798176527
lv,reset,4,nm,25,0.11906469439074062,1.2470042471587568,0.16666666666666666,1.0,7,1.65146803855896,4008,2500,false,false,1.3571897798176527
lv,reset,4,nm,50,1000.0,1.3571897798176527,0.08333333333333333,0.5,7,0.005605936050415039,16,0,true,true,1.3571897798176527
lv,reset,4,nm,100,3.2838930489513554,1.459877381556139,0.3333333333333333,0.25,5,1.6355741024017334,3973,2500,false,false,1.3571897798176527
lv,reset,6,nm,1,0.029082483519452872,0.9518167312240285,0.75,1.0,2,1.4418630599975586,3491,2500,false,false,1.451093131324319
lv,reset,6,nm,2,0.030478675876309404,0.7804659347181375,0.75,1.0,2,1.4090628623962402,3414,2500,false,false,1.451093131324319
lv,reset,6,nm,5,0.037453700732410694,1.5861907024634623,0.5833333333333334,1.0,4,1.4018070697784424,3409,2500,false,false,1.451093131324319
lv,reset,6,nm,10,0.049755429280770064,2.507972151101452,0.25,1.0,6,1.395202875137329,3392,2500,false,false,1.451093131324319
lv,reset,6,nm,25,1000.0,1.451093131324319,0.25,0.25,5,0.0038759708404541016,16,0,true,true,1.451093131324319
lv,reset,6,nm,50,1000.0,1.451093131324319,0.25,0.25,5,0.002146005630493164,16,0,true,true,1.451093131324319
lv,reset,6,nm,100,1000.0,1.451093131324319,0.25,0.25,5,0.0018210411071777344,16,0,true,true,1.451093131324319
